cust1,cust2,dc_cost,dc_op_cost,cust1_cost,cust1_op_cost,cust1_no_der_op_cost,cust2_cost,cust2_op_cost,cust2_no_der_op_cost,dissimilarity,simulation_days,PV1_peak,PV1_cost,PV2_peak,PV2_cost,Battery1_capacity,Battery1_cost,Battery2_capacity,Battery2_cost
0,1,28950,-44.306,14491,-5.7842,42.929,14465,-32.247,28.08,0,21,4,5697,4,5697,12,8800,12,8800
0,2,28953,-41.449,14491,-5.7842,42.929,14470,-26.571,47.583,0,21,4,5697,4,5697,12,8800,12,8800
0,3,28975,-19.243,14491,-5.7842,42.929,14493,-3.6259,59.537,0,21,4,5697,4,5697,12,8800,12,8800
0,4,28965,-28.846,14491,-5.7842,42.929,14481,-15.792,22.808,0,21,4,5697,4,5697,12,8800,12,8800
0,5,28985,-9.347,14491,-5.7842,42.929,14507,9.8605,90.822,0,21,4,5697,4,5697,12,8800,12,8800
0,6,28994,-0.03517,14491,-5.7842,42.929,14517,20.283,70.242,0,21,4,5697,4,5697,12,8800,12,8800
0,7,29006,12.216,14491,-5.7842,42.929,14530,32.894,104.55,0,21,4,5697,4,5697,12,8800,12,8800
0,8,28951,-43.356,14491,-5.7842,42.929,14469,-27.513,32.643,0,21,4,5697,4,5697,12,8800,12,8800
0,9,28971,-22.636,14491,-5.7842,42.929,14493,-4.4792,78.356,0,21,4,5697,4,5697,12,8800,12,8800
0,10,28966,-27.886,14491,-5.7842,42.929,14487,-9.5684,50.523,0,21,4,5697,4,5697,12,8800,12,8800
0,0,0,0,0,0,0,0,0,0,0,0,0,0,0,0,0,0,0,0
0,12,28985,-8.9378,14491,-5.7842,42.929,14508,10.978,82.13,0,21,4,5697,4,5697,12,8800,12,8800
0,13,29016,22.02,14491,-5.7842,42.929,14541,43.808,111.2,0,21,4,5697,4,5697,12,8800,12,8800
0,14,28951,-43.428,14491,-5.7842,42.929,14469,-27.535,36.793,0,21,4,5697,4,5697,12,8800,12,8800
0,15,28978,-15.687,14491,-5.7842,42.929,14498,0.69287,44.673,0,21,4,5697,4,5697,12,8800,12,8800
0,16,28982,-12.448,14491,-5.7842,42.929,14505,7.6073,81.727,0,21,4,5697,4,5697,12,8800,12,8800
0,17,28981,-13.157,14491,-5.7842,42.929,14504,6.7728,68.792,0,21,4,5697,4,5697,12,8800,12,8800
0,18,29001,7.453,14491,-5.7842,42.929,14526,28.698,90.999,0,21,4,5697,4,5697,12,8800,12,8800
0,19,28969,-25.176,14491,-5.7842,42.929,14485,-12.052,27.15,0,21,4,5697,4,5697,12,8800,12,8800
0,20,29040,46.237,14491,-5.7842,42.929,14565,67.629,67.629,0,21,4,5697,4,5697,12,8800,12,8800
0,21,28956,-38.351,14491,-5.7842,42.929,14473,-23.767,46.336,0,21,4,5697,4,5697,12,8800,12,8800
0,22,28973,-20.933,14491,-5.7842,42.929,14494,-2.6525,58.642,0,21,4,5697,4,5697,12,8800,12,8800
0,23,28968,-25.999,14491,-5.7842,42.929,14489,-8.4468,63.387,0,21,4,5697,4,5697,12,8800,12,8800
0,24,28973,-20.846,14491,-5.7842,42.929,14495,-2.0277,55.126,0,21,4,5697,4,5697,12,8800,12,8800
0,25,28971,-23.485,14491,-5.7842,42.929,14488,-9.3634,32.646,0,21,4,5697,4,5697,12,8800,12,8800
0,26,28988,-6.2422,14491,-5.7842,42.929,14503,6.3414,23.762,0,21,4,5697,4,5697,12,8800,12,8800
0,27,29047,52.732,14491,-5.7842,42.929,14573,76.359,156.5,0,21,4,5697,4,5697,12,8800,12,8800
0,28,28988,-6.1949,14491,-5.7842,42.929,14511,14.242,85.073,0,21,4,5697,4,5697,12,8800,12,8800
0,29,28981,-12.944,14491,-5.7842,42.929,14503,5.6076,70.825,0,21,4,5697,4,5697,12,8800,12,8800
0,30,29087,92.538,14491,-5.7842,42.929,14617,119.63,208.75,0,21,4,5697,4,5697,12,8800,12,8800
0,31,28953,-41.113,14491,-5.7842,42.929,14471,-26.205,56.309,0,21,4,5697,4,5697,12,8800,12,8800
1,2,28923,-71.042,14461,-35.581,28.08,14470,-26.571,47.583,0,21,4,5697,4,5697,12,8800,12,8800
1,3,28943,-51.211,14461,-35.581,28.08,14493,-3.6259,59.537,0,21,4,5697,4,5697,12,8800,12,8800
1,4,28938,-56.002,14461,-35.581,28.08,14481,-15.792,22.808,0,21,4,5697,4,5697,12,8800,12,8800
1,5,28952,-42.12,14461,-35.581,28.08,14507,9.8605,90.822,0,21,4,5697,4,5697,12,8800,12,8800
1,6,28961,-33.029,14461,-35.581,28.08,14517,20.283,70.242,0,21,4,5697,4,5697,12,8800,12,8800
1,7,28971,-23.087,14461,-35.581,28.08,14530,32.894,104.55,0,21,4,5697,4,5697,12,8800,12,8800
1,8,28922,-71.716,14461,-35.581,28.08,14469,-27.513,32.643,0,21,4,5697,4,5697,12,8800,12,8800
1,9,28939,-54.649,14461,-35.581,28.08,14493,-4.4792,78.356,0,21,4,5697,4,5697,12,8800,12,8800
1,10,28936,-57.712,14461,-35.581,28.08,14487,-9.5684,50.523,0,21,4,5697,4,5697,12,8800,12,8800
0,0,0,0,0,0,0,0,0,0,0,0,0,0,0,0,0,0,0,0
1,12,28952,-42.487,14461,-35.581,28.08,14508,10.978,82.13,0,21,4,5697,4,5697,12,8800,12,8800
1,13,28980,-14.257,14461,-35.581,28.08,14541,43.808,111.2,0,21,4,5697,4,5697,12,8800,12,8800
1,14,28922,-72.382,14461,-35.581,28.08,14469,-27.535,36.793,0,21,4,5697,4,5697,12,8800,12,8800
1,15,28949,-45.321,14461,-35.581,28.08,14498,0.69287,44.673,0,21,4,5697,4,5697,12,8800,12,8800
1,16,28952,-42.306,14461,-35.581,28.08,14505,7.6073,81.727,0,21,4,5697,4,5697,12,8800,12,8800
1,17,28948,-45.708,14461,-35.581,28.08,14504,6.7728,68.792,0,21,4,5697,4,5697,12,8800,12,8800
1,18,28966,-27.642,14461,-35.581,28.08,14526,28.698,90.999,0,21,4,5697,4,5697,12,8800,12,8800
1,19,28941,-52.913,14461,-35.581,28.08,14485,-12.052,27.15,0,21,4,5697,4,5697,12,8800,12,8800
1,20,28997,2.6458,14461,-35.581,28.08,14565,67.629,67.629,0,21,4,5697,4,5697,12,8800,12,8800
1,21,28927,-67.367,14461,-35.581,28.08,14473,-23.767,46.336,0,21,4,5697,4,5697,12,8800,12,8800
1,22,28943,-51.455,14461,-35.581,28.08,14494,-2.6525,58.642,0,21,4,5697,4,5697,12,8800,12,8800
1,23,28937,-56.565,14461,-35.581,28.08,14489,-8.4468,63.387,0,21,4,5697,4,5697,12,8800,12,8800
1,24,28943,-51.014,14461,-35.581,28.08,14495,-2.0277,55.126,0,21,4,5697,4,5697,12,8800,12,8800
1,25,28943,-50.76,14461,-35.581,28.08,14488,-9.3634,32.646,0,21,4,5697,4,5697,12,8800,12,8800
1,26,28959,-34.943,14461,-35.581,28.08,14503,6.3414,23.762,0,21,4,5697,4,5697,12,8800,12,8800
1,27,29010,15.625,14461,-35.581,28.08,14573,76.359,156.5,0,21,4,5697,4,5697,12,8800,12,8800
1,28,28955,-39.005,14461,-35.581,28.08,14511,14.242,85.073,0,21,4,5697,4,5697,12,8800,12,8800
1,29,28951,-43.279,14461,-35.581,28.08,14503,5.6076,70.825,0,21,4,5697,4,5697,12,8800,12,8800
1,30,29045,51.454,14461,-35.581,28.08,14617,119.63,208.75,0,21,4,5697,4,5697,12,8800,12,8800
1,31,28924,-69.621,14461,-35.581,28.08,14471,-26.205,56.309,0,21,4,5697,4,5697,12,8800,12,8800
2,3,28946,-48.307,14463,-34.245,47.583,14493,-3.6259,59.537,0,21,4,5697,4,5697,12,8800,12,8800
2,4,28938,-55.762,14463,-34.245,47.583,14481,-15.792,22.808,0,21,4,5697,4,5697,12,8800,12,8800
2,5,28957,-37.462,14463,-34.245,47.583,14507,9.8605,90.822,0,21,4,5697,4,5697,12,8800,12,8800
2,6,28965,-28.98,14463,-34.245,47.583,14517,20.283,70.242,0,21,4,5697,4,5697,12,8800,12,8800
2,7,28977,-17.182,14463,-34.245,47.583,14530,32.894,104.55,0,21,4,5697,4,5697,12,8800,12,8800
2,8,28923,-70.558,14463,-34.245,47.583,14469,-27.513,32.643,0,21,4,5697,4,5697,12,8800,12,8800
2,9,28943,-50.566,14463,-34.245,47.583,14493,-4.4792,78.356,0,21,4,5697,4,5697,12,8800,12,8800
2,10,28938,-56.416,14463,-34.245,47.583,14487,-9.5684,50.523,0,21,4,5697,4,5697,12,8800,12,8800
0,0,0,0,0,0,0,0,0,0,0,0,0,0,0,0,0,0,0,0
2,12,28956,-37.56,14463,-34.245,47.583,14508,10.978,82.13,0,21,4,5697,4,5697,12,8800,12,8800
2,13,28985,-8.9396,14463,-34.245,47.583,14541,43.808,111.2,0,21,4,5697,4,5697,12,8800,12,8800
2,14,28923,-70.794,14463,-34.245,47.583,14469,-27.535,36.793,0,21,4,5697,4,5697,12,8800,12,8800
2,15,28950,-43.733,14463,-34.245,47.583,14498,0.69287,44.673,0,21,4,5697,4,5697,12,8800,12,8800
2,16,28953,-41.171,14463,-34.245,47.583,14505,7.6073,81.727,0,21,4,5697,4,5697,12,8800,12,8800
2,17,28952,-41.933,14463,-34.245,47.583,14504,6.7728,68.792,0,21,4,5697,4,5697,12,8800,12,8800
2,18,28971,-22.82,14463,-34.245,47.583,14526,28.698,90.999,0,21,4,5697,4,5697,12,8800,12,8800
2,19,28942,-52.446,14463,-34.245,47.583,14485,-12.052,27.15,0,21,4,5697,4,5697,12,8800,12,8800
2,20,29002,7.6534,14463,-34.245,47.583,14565,67.629,67.629,0,21,4,5697,4,5697,12,8800,12,8800
2,21,28928,-65.853,14463,-34.245,47.583,14473,-23.767,46.336,0,21,4,5697,4,5697,12,8800,12,8800
2,22,28945,-48.999,14463,-34.245,47.583,14494,-2.6525,58.642,0,21,4,5697,4,5697,12,8800,12,8800
2,23,28940,-53.907,14463,-34.245,47.583,14489,-8.4468,63.387,0,21,4,5697,4,5697,12,8800,12,8800
2,24,28946,-48.056,14463,-34.245,47.583,14495,-2.0277,55.126,0,21,4,5697,4,5697,12,8800,12,8800
2,25,28943,-50.516,14463,-34.245,47.583,14488,-9.3634,32.646,0,21,4,5697,4,5697,12,8800,12,8800
2,26,28960,-34.149,14463,-34.245,47.583,14503,6.3414,23.762,0,21,4,5697,4,5697,12,8800,12,8800
2,27,29015,21.018,14463,-34.245,47.583,14573,76.359,156.5,0,21,4,5697,4,5697,12,8800,12,8800
2,28,28959,-34.956,14463,-34.245,47.583,14511,14.242,85.073,0,21,4,5697,4,5697,12,8800,12,8800
2,29,28952,-41.628,14463,-34.245,47.583,14503,5.6076,70.825,0,21,4,5697,4,5697,12,8800,12,8800
2,30,29052,57.788,14463,-34.245,47.583,14617,119.63,208.75,0,21,4,5697,4,5697,12,8800,12,8800
2,31,28925,-69.004,14463,-34.245,47.583,14471,-26.205,56.309,0,21,4,5697,4,5697,12,8800,12,8800
3,4,28958,-35.686,14486,-11.475,59.537,14481,-15.792,22.808,0,21,4,5697,4,5697,12,8800,12,8800
3,5,28979,-15.181,14486,-11.475,59.537,14507,9.8605,90.822,0,21,4,5697,4,5697,12,8800,12,8800
3,6,28988,-5.7318,14486,-11.475,59.537,14517,20.283,70.242,0,21,4,5697,4,5697,12,8800,12,8800
3,7,29000,5.9963,14486,-11.475,59.537,14530,32.894,104.55,0,21,4,5697,4,5697,12,8800,12,8800
3,8,28943,-50.768,14486,-11.475,59.537,14469,-27.513,32.643,0,21,4,5697,4,5697,12,8800,12,8800
3,9,28965,-29.376,14486,-11.475,59.537,14493,-4.4792,78.356,0,21,4,5697,4,5697,12,8800,12,8800
3,10,28959,-35.26,14486,-11.475,59.537,14487,-9.5684,50.523,0,21,4,5697,4,5697,12,8800,12,8800
0,0,0,0,0,0,0,0,0,0,0,0,0,0,0,0,0,0,0,0
3,12,28979,-15.399,14486,-11.475,59.537,14508,10.978,82.13,0,21,4,5697,4,5697,12,8800,12,8800
3,13,29010,16.228,14486,-11.475,59.537,14541,43.808,111.2,0,21,4,5697,4,5697,12,8800,12,8800
3,14,28944,-50.304,14486,-11.475,59.537,14469,-27.535,36.793,0,21,4,5697,4,5697,12,8800,12,8800
3,15,28972,-21.945,14486,-11.475,59.537,14498,0.69287,44.673,0,21,4,5697,4,5697,12,8800,12,8800
3,16,28975,-19.048,14486,-11.475,59.537,14505,7.6073,81.727,0,21,4,5697,4,5697,12,8800,12,8800
3,17,28973,-20.874,14486,-11.475,59.537,14504,6.7728,68.792,0,21,4,5697,4,5697,12,8800,12,8800
3,18,28994,0.47584,14486,-11.475,59.537,14526,28.698,90.999,0,21,4,5697,4,5697,12,8800,12,8800
3,19,28962,-31.939,14486,-11.475,59.537,14485,-12.052,27.15,0,21,4,5697,4,5697,12,8800,12,8800
3,20,29031,36.875,14486,-11.475,59.537,14565,67.629,67.629,0,21,4,5697,4,5697,12,8800,12,8800
3,21,28948,-45.747,14486,-11.475,59.537,14473,-23.767,46.336,0,21,4,5697,4,5697,12,8800,12,8800
3,22,28966,-27.99,14486,-11.475,59.537,14494,-2.6525,58.642,0,21,4,5697,4,5697,12,8800,12,8800
3,23,28962,-32.251,14486,-11.475,59.537,14489,-8.4468,63.387,0,21,4,5697,4,5697,12,8800,12,8800
3,24,28966,-27.681,14486,-11.475,59.537,14495,-2.0277,55.126,0,21,4,5697,4,5697,12,8800,12,8800
3,25,28964,-30.144,14486,-11.475,59.537,14488,-9.3634,32.646,0,21,4,5697,4,5697,12,8800,12,8800
3,26,28982,-11.828,14486,-11.475,59.537,14503,6.3414,23.762,0,21,4,5697,4,5697,12,8800,12,8800
3,27,29040,45.514,14486,-11.475,59.537,14573,76.359,156.5,0,21,4,5697,4,5697,12,8800,12,8800
3,28,28981,-13.357,14486,-11.475,59.537,14511,14.242,85.073,0,21,4,5697,4,5697,12,8800,12,8800
3,29,28974,-19.609,14486,-11.475,59.537,14503,5.6076,70.825,0,21,4,5697,4,5697,12,8800,12,8800
3,30,29080,85.843,14486,-11.475,59.537,14617,119.63,208.75,0,21,4,5697,4,5697,12,8800,12,8800
3,31,28946,-48.423,14486,-11.475,59.537,14471,-26.205,56.309,0,21,4,5697,4,5697,12,8800,12,8800
4,5,28969,-25.326,14477,-20.097,22.808,14507,9.8605,90.822,0,21,4,5697,4,5697,12,8800,12,8800
4,6,28978,-16.21,14477,-20.097,22.808,14517,20.283,70.242,0,21,4,5697,4,5697,12,8800,12,8800
4,7,28989,-5.3209,14477,-20.097,22.808,14530,32.894,104.55,0,21,4,5697,4,5697,12,8800,12,8800
4,8,28938,-55.628,14477,-20.097,22.808,14469,-27.513,32.643,0,21,4,5697,4,5697,12,8800,12,8800
4,9,28955,-38.579,14477,-20.097,22.808,14493,-4.4792,78.356,0,21,4,5697,4,5697,12,8800,12,8800
4,10,28952,-42.305,14477,-20.097,22.808,14487,-9.5684,50.523,0,21,4,5697,4,5697,12,8800,12,8800
0,0,0,0,0,0,0,0,0,0,0,0,0,0,0,0,0,0,0,0
4,12,28968,-25.7,14477,-20.097,22.808,14508,10.978,82.13,0,21,4,5697,4,5697,12,8800,12,8800
4,13,28999,4.8776,14477,-20.097,22.808,14541,43.808,111.2,0,21,4,5697,4,5697,12,8800,12,8800
4,14,28937,-57.12,14477,-20.097,22.808,14469,-27.535,36.793,0,21,4,5697,4,5697,12,8800,12,8800
4,15,28964,-29.953,14477,-20.097,22.808,14498,0.69287,44.673,0,21,4,5697,4,5697,12,8800,12,8800
4,16,28967,-26.636,14477,-20.097,22.808,14505,7.6073,81.727,0,21,4,5697,4,5697,12,8800,12,8800
4,17,28965,-29.477,14477,-20.097,22.808,14504,6.7728,68.792,0,21,4,5697,4,5697,12,8800,12,8800
4,18,28984,-9.9077,14477,-20.097,22.808,14526,28.698,90.999,0,21,4,5697,4,5697,12,8800,12,8800
4,19,28957,-37.475,14477,-20.097,22.808,14485,-12.052,27.15,0,21,4,5697,4,5697,12,8800,12,8800
4,20,29020,25.824,14477,-20.097,22.808,14565,67.629,67.629,0,21,4,5697,4,5697,12,8800,12,8800
4,21,28942,-51.943,14477,-20.097,22.808,14473,-23.767,46.336,0,21,4,5697,4,5697,12,8800,12,8800
4,22,28958,-36.006,14477,-20.097,22.808,14494,-2.6525,58.642,0,21,4,5697,4,5697,12,8800,12,8800
4,23,28953,-40.927,14477,-20.097,22.808,14489,-8.4468,63.387,0,21,4,5697,4,5697,12,8800,12,8800
4,24,28959,-35.036,14477,-20.097,22.808,14495,-2.0277,55.126,0,21,4,5697,4,5697,12,8800,12,8800
4,25,28959,-35.342,14477,-20.097,22.808,14488,-9.3634,32.646,0,21,4,5697,4,5697,12,8800,12,8800
4,26,28974,-19.518,14477,-20.097,22.808,14503,6.3414,23.762,0,21,4,5697,4,5697,12,8800,12,8800
4,27,29029,35.156,14477,-20.097,22.808,14573,76.359,156.5,0,21,4,5697,4,5697,12,8800,12,8800
4,28,28972,-21.962,14477,-20.097,22.808,14511,14.242,85.073,0,21,4,5697,4,5697,12,8800,12,8800
4,29,28967,-27.042,14477,-20.097,22.808,14503,5.6076,70.825,0,21,4,5697,4,5697,12,8800,12,8800
4,30,29067,73.169,14477,-20.097,22.808,14617,119.63,208.75,0,21,4,5697,4,5697,12,8800,12,8800
4,31,28940,-54.22,14477,-20.097,22.808,14471,-26.205,56.309,0,21,4,5697,4,5697,12,8800,12,8800
5,6,29000,6.087,14497,-0.19194,90.822,14517,20.283,70.242,0,21,4,5697,4,5697,12,8800,12,8800
5,7,29013,18.682,14497,-0.19194,90.822,14530,32.894,104.55,0,21,4,5697,4,5697,12,8800,12,8800
5,8,28954,-40.472,14497,-0.19194,90.822,14469,-27.513,32.643,0,21,4,5697,4,5697,12,8800,12,8800
5,9,28977,-16.845,14497,-0.19194,90.822,14493,-4.4792,78.356,0,21,4,5697,4,5697,12,8800,12,8800
5,10,28969,-24.955,14497,-0.19194,90.822,14487,-9.5684,50.523,0,21,4,5697,4,5697,12,8800,12,8800
0,0,0,0,0,0,0,0,0,0,0,0,0,0,0,0,0,0,0,0
5,12,28991,-2.8108,14497,-0.19194,90.822,14508,10.978,82.13,0,21,4,5697,4,5697,12,8800,12,8800
5,13,29022,28.467,14497,-0.19194,90.822,14541,43.808,111.2,0,21,4,5697,4,5697,12,8800,12,8800
5,14,28955,-39.417,14497,-0.19194,90.822,14469,-27.535,36.793,0,21,4,5697,4,5697,12,8800,12,8800
5,15,28983,-11.32,14497,-0.19194,90.822,14498,0.69287,44.673,0,21,4,5697,4,5697,12,8800,12,8800
5,16,28986,-8.255,14497,-0.19194,90.822,14505,7.6073,81.727,0,21,4,5697,4,5697,12,8800,12,8800
5,17,28985,-8.5091,14497,-0.19194,90.822,14504,6.7728,68.792,0,21,4,5697,4,5697,12,8800,12,8800
5,18,29007,13.114,14497,-0.19194,90.822,14526,28.698,90.999,0,21,4,5697,4,5697,12,8800,12,8800
5,19,28972,-21.835,14497,-0.19194,90.822,14485,-12.052,27.15,0,21,4,5697,4,5697,12,8800,12,8800
5,20,29042,48.087,14497,-0.19194,90.822,14565,67.629,67.629,0,21,4,5697,4,5697,12,8800,12,8800
5,21,28959,-35.493,14497,-0.19194,90.822,14473,-23.767,46.336,0,21,4,5697,4,5697,12,8800,12,8800
5,22,28979,-15.324,14497,-0.19194,90.822,14494,-2.6525,58.642,0,21,4,5697,4,5697,12,8800,12,8800
5,23,28973,-21.27,14497,-0.19194,90.822,14489,-8.4468,63.387,0,21,4,5697,4,5697,12,8800,12,8800
5,24,28978,-15.867,14497,-0.19194,90.822,14495,-2.0277,55.126,0,21,4,5697,4,5697,12,8800,12,8800
5,25,28974,-20.103,14497,-0.19194,90.822,14488,-9.3634,32.646,0,21,4,5697,4,5697,12,8800,12,8800
5,26,28993,-1.1773,14497,-0.19194,90.822,14503,6.3414,23.762,0,21,4,5697,4,5697,12,8800,12,8800
5,27,29054,59.699,14497,-0.19194,90.822,14573,76.359,156.5,0,21,4,5697,4,5697,12,8800,12,8800
5,28,28995,0.62592,14497,-0.19194,90.822,14511,14.242,85.073,0,21,4,5697,4,5697,12,8800,12,8800
5,29,28985,-9.4157,14497,-0.19194,90.822,14503,5.6076,70.825,0,21,4,5697,4,5697,12,8800,12,8800
5,30,29091,97.184,14497,-0.19194,90.822,14617,119.63,208.75,0,21,4,5697,4,5697,12,8800,12,8800
5,31,28955,-39.233,14497,-0.19194,90.822,14471,-26.205,56.309,0,21,4,5697,4,5697,12,8800,12,8800
6,7,29024,30.182,14507,9.5625,70.242,14530,32.894,104.55,0,21,4,5697,4,5697,12,8800,12,8800
6,8,28963,-30.661,14507,9.5625,70.242,14469,-27.513,32.643,0,21,4,5697,4,5697,12,8800,12,8800
6,9,28987,-6.8752,14507,9.5625,70.242,14493,-4.4792,78.356,0,21,4,5697,4,5697,12,8800,12,8800
6,10,28981,-13.355,14507,9.5625,70.242,14487,-9.5684,50.523,0,21,4,5697,4,5697,12,8800,12,8800
0,0,0,0,0,0,0,0,0,0,0,0,0,0,0,0,0,0,0,0
6,12,29002,8.3016,14507,9.5625,70.242,14508,10.978,82.13,0,21,4,5697,4,5697,12,8800,12,8800
6,13,29035,40.949,14507,9.5625,70.242,14541,43.808,111.2,0,21,4,5697,4,5697,12,8800,12,8800
6,14,28962,-31.516,14507,9.5625,70.242,14469,-27.535,36.793,0,21,4,5697,4,5697,12,8800,12,8800
6,15,28993,-1.2141,14507,9.5625,70.242,14498,0.69287,44.673,0,21,4,5697,4,5697,12,8800,12,8800
6,16,28997,3.0334,14507,9.5625,70.242,14505,7.6073,81.727,0,21,4,5697,4,5697,12,8800,12,8800
6,17,28997,2.7984,14507,9.5625,70.242,14504,6.7728,68.792,0,21,4,5697,4,5697,12,8800,12,8800
6,18,29020,25.777,14507,9.5625,70.242,14526,28.698,90.999,0,21,4,5697,4,5697,12,8800,12,8800
6,19,28981,-12.692,14507,9.5625,70.242,14485,-12.052,27.15,0,21,4,5697,4,5697,12,8800,12,8800
6,20,29063,68.546,14507,9.5625,70.242,14565,67.629,67.629,0,21,4,5697,4,5697,12,8800,12,8800
6,21,28968,-26.381,14507,9.5625,70.242,14473,-23.767,46.336,0,21,4,5697,4,5697,12,8800,12,8800
6,22,28989,-4.5354,14507,9.5625,70.242,14494,-2.6525,58.642,0,21,4,5697,4,5697,12,8800,12,8800
6,23,28983,-11.214,14507,9.5625,70.242,14489,-8.4468,63.387,0,21,4,5697,4,5697,12,8800,12,8800
6,24,28988,-6.0022,14507,9.5625,70.242,14495,-2.0277,55.126,0,21,4,5697,4,5697,12,8800,12,8800
6,25,28984,-10.354,14507,9.5625,70.242,14488,-9.3634,32.646,0,21,4,5697,4,5697,12,8800,12,8800
6,26,29003,8.8741,14507,9.5625,70.242,14503,6.3414,23.762,0,21,4,5697,4,5697,12,8800,12,8800
6,27,29066,71.93,14507,9.5625,70.242,14573,76.359,156.5,0,21,4,5697,4,5697,12,8800,12,8800
6,28,29005,11.211,14507,9.5625,70.242,14511,14.242,85.073,0,21,4,5697,4,5697,12,8800,12,8800
6,29,28994,0.203,14507,9.5625,70.242,14503,5.6076,70.825,0,21,4,5697,4,5697,12,8800,12,8800
6,30,29106,112.43,14507,9.5625,70.242,14617,119.63,208.75,0,21,4,5697,4,5697,12,8800,12,8800
6,31,28965,-29.068,14507,9.5625,70.242,14471,-26.205,56.309,0,21,4,5697,4,5697,12,8800,12,8800
7,8,28974,-20.132,14520,22.635,104.55,14469,-27.513,32.643,0,21,4,5697,4,5697,12,8800,12,8800
7,9,29000,6.3069,14520,22.635,104.55,14493,-4.4792,78.356,0,21,4,5697,4,5697,12,8800,12,8800
7,10,28992,-1.8299,14520,22.635,104.55,14487,-9.5684,50.523,0,21,4,5697,4,5697,12,8800,12,8800
0,0,0,0,0,0,0,0,0,0,0,0,0,0,0,0,0,0,0,0
7,12,29016,21.904,14520,22.635,104.55,14508,10.978,82.13,0,21,4,5697,4,5697,12,8800,12,8800
7,13,29048,54.264,14520,22.635,104.55,14541,43.808,111.2,0,21,4,5697,4,5697,12,8800,12,8800
7,14,28975,-18.989,14520,22.635,104.55,14469,-27.535,36.793,0,21,4,5697,4,5697,12,8800,12,8800
7,15,29005,10.984,14520,22.635,104.55,14498,0.69287,44.673,0,21,4,5697,4,5697,12,8800,12,8800
7,16,29009,15.154,14520,22.635,104.55,14505,7.6073,81.727,0,21,4,5697,4,5697,12,8800,12,8800
7,17,29009,15.209,14520,22.635,104.55,14504,6.7728,68.792,0,21,4,5697,4,5697,12,8800,12,8800
7,18,29031,37.193,14520,22.635,104.55,14526,28.698,90.999,0,21,4,5697,4,5697,12,8800,12,8800
7,19,28993,-1.2395,14520,22.635,104.55,14485,-12.052,27.15,0,21,4,5697,4,5697,12,8800,12,8800
7,20,29068,74.32,14520,22.635,104.55,14565,67.629,67.629,0,21,4,5697,4,5697,12,8800,12,8800
7,21,28979,-14.774,14520,22.635,104.55,14473,-23.767,46.336,0,21,4,5697,4,5697,12,8800,12,8800
7,22,29002,8.3836,14520,22.635,104.55,14494,-2.6525,58.642,0,21,4,5697,4,5697,12,8800,12,8800
7,23,28996,1.7097,14520,22.635,104.55,14489,-8.4468,63.387,0,21,4,5697,4,5697,12,8800,12,8800
7,24,29000,5.9302,14520,22.635,104.55,14495,-2.0277,55.126,0,21,4,5697,4,5697,12,8800,12,8800
7,25,28996,1.5659,14520,22.635,104.55,14488,-9.3634,32.646,0,21,4,5697,4,5697,12,8800,12,8800
7,26,29014,20.26,14520,22.635,104.55,14503,6.3414,23.762,0,21,4,5697,4,5697,12,8800,12,8800
7,27,29078,83.795,14520,22.635,104.55,14573,76.359,156.5,0,21,4,5697,4,5697,12,8800,12,8800
7,28,29018,24.319,14520,22.635,104.55,14511,14.242,85.073,0,21,4,5697,4,5697,12,8800,12,8800
7,29,29005,10.789,14520,22.635,104.55,14503,5.6076,70.825,0,21,4,5697,4,5697,12,8800,12,8800
7,30,29115,121.31,14520,22.635,104.55,14617,119.63,208.75,0,21,4,5697,4,5697,12,8800,12,8800
7,31,28977,-17.447,14520,22.635,104.55,14471,-26.205,56.309,0,21,4,5697,4,5697,12,8800,12,8800
8,9,28941,-53.23,14462,-34.788,32.643,14493,-4.4792,78.356,0,21,4,5697,4,5697,12,8800,12,8800
8,10,28937,-57.049,14462,-34.788,32.643,14487,-9.5684,50.523,0,21,4,5697,4,5697,12,8800,12,8800
0,0,0,0,0,0,0,0,0,0,0,0,0,0,0,0,0,0,0,0
8,12,28954,-39.809,14462,-34.788,32.643,14508,10.978,82.13,0,21,4,5697,4,5697,12,8800,12,8800
8,13,28983,-11.269,14462,-34.788,32.643,14541,43.808,111.2,0,21,4,5697,4,5697,12,8800,12,8800
8,14,28922,-72.144,14462,-34.788,32.643,14469,-27.535,36.793,0,21,4,5697,4,5697,12,8800,12,8800
8,15,28949,-44.83,14462,-34.788,32.643,14498,0.69287,44.673,0,21,4,5697,4,5697,12,8800,12,8800
8,16,28953,-41.034,14462,-34.788,32.643,14505,7.6073,81.727,0,21,4,5697,4,5697,12,8800,12,8800
8,17,28950,-43.923,14462,-34.788,32.643,14504,6.7728,68.792,0,21,4,5697,4,5697,12,8800,12,8800
8,18,28970,-23.792,14462,-34.788,32.643,14526,28.698,90.999,0,21,4,5697,4,5697,12,8800,12,8800
8,19,28941,-52.768,14462,-34.788,32.643,14485,-12.052,27.15,0,21,4,5697,4,5697,12,8800,12,8800
8,20,28999,5.3734,14462,-34.788,32.643,14565,67.629,67.629,0,21,4,5697,4,5697,12,8800,12,8800
8,21,28927,-67.343,14462,-34.788,32.643,14473,-23.767,46.336,0,21,4,5697,4,5697,12,8800,12,8800
8,22,28943,-50.921,14462,-34.788,32.643,14494,-2.6525,58.642,0,21,4,5697,4,5697,12,8800,12,8800
8,23,28939,-55.43,14462,-34.788,32.643,14489,-8.4468,63.387,0,21,4,5697,4,5697,12,8800,12,8800
8,24,28945,-49.196,14462,-34.788,32.643,14495,-2.0277,55.126,0,21,4,5697,4,5697,12,8800,12,8800
8,25,28944,-50.396,14462,-34.788,32.643,14488,-9.3634,32.646,0,21,4,5697,4,5697,12,8800,12,8800
8,26,28959,-34.814,14462,-34.788,32.643,14503,6.3414,23.762,0,21,4,5697,4,5697,12,8800,12,8800
8,27,29013,18.817,14462,-34.788,32.643,14573,76.359,156.5,0,21,4,5697,4,5697,12,8800,12,8800
8,28,28958,-35.935,14462,-34.788,32.643,14511,14.242,85.073,0,21,4,5697,4,5697,12,8800,12,8800
8,29,28952,-41.648,14462,-34.788,32.643,14503,5.6076,70.825,0,21,4,5697,4,5697,12,8800,12,8800
8,30,29050,55.788,14462,-34.788,32.643,14617,119.63,208.75,0,21,4,5697,4,5697,12,8800,12,8800
8,31,28925,-69.208,14462,-34.788,32.643,14471,-26.205,56.309,0,21,4,5697,4,5697,12,8800,12,8800
9,10,28957,-36.915,14483,-14.187,78.356,14487,-9.5684,50.523,0,21,4,5697,4,5697,12,8800,12,8800
0,0,0,0,0,0,0,0,0,0,0,0,0,0,0,0,0,0,0,0
9,12,28979,-14.597,14483,-14.187,78.356,14508,10.978,82.13,0,21,4,5697,4,5697,12,8800,12,8800
9,13,29010,15.786,14483,-14.187,78.356,14541,43.808,111.2,0,21,4,5697,4,5697,12,8800,12,8800
9,14,28942,-52.029,14483,-14.187,78.356,14469,-27.535,36.793,0,21,4,5697,4,5697,12,8800,12,8800
9,15,28969,-24.621,14483,-14.187,78.356,14498,0.69287,44.673,0,21,4,5697,4,5697,12,8800,12,8800
9,16,28974,-19.985,14483,-14.187,78.356,14505,7.6073,81.727,0,21,4,5697,4,5697,12,8800,12,8800
9,17,28973,-21.201,14483,-14.187,78.356,14504,6.7728,68.792,0,21,4,5697,4,5697,12,8800,12,8800
9,18,28994,0.30877,14483,-14.187,78.356,14526,28.698,90.999,0,21,4,5697,4,5697,12,8800,12,8800
9,19,28959,-34.848,14483,-14.187,78.356,14485,-12.052,27.15,0,21,4,5697,4,5697,12,8800,12,8800
9,20,29027,32.982,14483,-14.187,78.356,14565,67.629,67.629,0,21,4,5697,4,5697,12,8800,12,8800
9,21,28946,-48.178,14483,-14.187,78.356,14473,-23.767,46.336,0,21,4,5697,4,5697,12,8800,12,8800
9,22,28966,-27.654,14483,-14.187,78.356,14494,-2.6525,58.642,0,21,4,5697,4,5697,12,8800,12,8800
9,23,28960,-33.655,14483,-14.187,78.356,14489,-8.4468,63.387,0,21,4,5697,4,5697,12,8800,12,8800
9,24,28966,-28.488,14483,-14.187,78.356,14495,-2.0277,55.126,0,21,4,5697,4,5697,12,8800,12,8800
9,25,28961,-32.655,14483,-14.187,78.356,14488,-9.3634,32.646,0,21,4,5697,4,5697,12,8800,12,8800
9,26,28978,-15.593,14483,-14.187,78.356,14503,6.3414,23.762,0,21,4,5697,4,5697,12,8800,12,8800
9,27,29040,46.311,14483,-14.187,78.356,14573,76.359,156.5,0,21,4,5697,4,5697,12,8800,12,8800
9,28,28982,-11.803,14483,-14.187,78.356,14511,14.242,85.073,0,21,4,5697,4,5697,12,8800,12,8800
9,29,28971,-22.672,14483,-14.187,78.356,14503,5.6076,70.825,0,21,4,5697,4,5697,12,8800,12,8800
9,30,29078,83.91,14483,-14.187,78.356,14617,119.63,208.75,0,21,4,5697,4,5697,12,8800,12,8800
9,31,28943,-51.31,14483,-14.187,78.356,14471,-26.205,56.309,0,21,4,5697,4,5697,12,8800,12,8800
0,0,0,0,0,0,0,0,0,0,0,0,0,0,0,0,0,0,0,0
10,12,28972,-22.298,14477,-19.768,50.523,14508,10.978,82.13,0,21,4,5697,4,5697,12,8800,12,8800
10,13,29001,7.2392,14477,-19.768,50.523,14541,43.808,111.2,0,21,4,5697,4,5697,12,8800,12,8800
10,14,28936,-57.912,14477,-19.768,50.523,14469,-27.535,36.793,0,21,4,5697,4,5697,12,8800,12,8800
10,15,28963,-30.726,14477,-19.768,50.523,14498,0.69287,44.673,0,21,4,5697,4,5697,12,8800,12,8800
10,16,28970,-24.036,14477,-19.768,50.523,14505,7.6073,81.727,0,21,4,5697,4,5697,12,8800,12,8800
10,17,28967,-27.328,14477,-19.768,50.523,14504,6.7728,68.792,0,21,4,5697,4,5697,12,8800,12,8800
10,18,28988,-6.1775,14477,-19.768,50.523,14526,28.698,90.999,0,21,4,5697,4,5697,12,8800,12,8800
10,19,28955,-38.948,14477,-19.768,50.523,14485,-12.052,27.15,0,21,4,5697,4,5697,12,8800,12,8800
10,20,29020,25.53,14477,-19.768,50.523,14565,67.629,67.629,0,21,4,5697,4,5697,12,8800,12,8800
10,21,28941,-52.998,14477,-19.768,50.523,14473,-23.767,46.336,0,21,4,5697,4,5697,12,8800,12,8800
10,22,28959,-35.027,14477,-19.768,50.523,14494,-2.6525,58.642,0,21,4,5697,4,5697,12,8800,12,8800
10,23,28954,-40.255,14477,-19.768,50.523,14489,-8.4468,63.387,0,21,4,5697,4,5697,12,8800,12,8800
10,24,28960,-33.925,14477,-19.768,50.523,14495,-2.0277,55.126,0,21,4,5697,4,5697,12,8800,12,8800
10,25,28957,-36.653,14477,-19.768,50.523,14488,-9.3634,32.646,0,21,4,5697,4,5697,12,8800,12,8800
10,26,28974,-20.458,14477,-19.768,50.523,14503,6.3414,23.762,0,21,4,5697,4,5697,12,8800,12,8800
10,27,29032,38.045,14477,-19.768,50.523,14573,76.359,156.5,0,21,4,5697,4,5697,12,8800,12,8800
10,28,28974,-19.551,14477,-19.768,50.523,14511,14.242,85.073,0,21,4,5697,4,5697,12,8800,12,8800
10,29,28966,-28.303,14477,-19.768,50.523,14503,5.6076,70.825,0,21,4,5697,4,5697,12,8800,12,8800
10,30,29069,74.628,14477,-19.768,50.523,14617,119.63,208.75,0,21,4,5697,4,5697,12,8800,12,8800
10,31,28939,-55.258,14477,-19.768,50.523,14471,-26.205,56.309,0,21,4,5697,4,5697,12,8800,12,8800
0,0,0,0,0,0,0,0,0,0,0,0,0,0,0,0,0,0,0,0
0,0,0,0,0,0,0,0,0,0,0,0,0,0,0,0,0,0,0,0
0,0,0,0,0,0,0,0,0,0,0,0,0,0,0,0,0,0,0,0
0,0,0,0,0,0,0,0,0,0,0,0,0,0,0,0,0,0,0,0
0,0,0,0,0,0,0,0,0,0,0,0,0,0,0,0,0,0,0,0
0,0,0,0,0,0,0,0,0,0,0,0,0,0,0,0,0,0,0,0
0,0,0,0,0,0,0,0,0,0,0,0,0,0,0,0,0,0,0,0
0,0,0,0,0,0,0,0,0,0,0,0,0,0,0,0,0,0,0,0
0,0,0,0,0,0,0,0,0,0,0,0,0,0,0,0,0,0,0,0
0,0,0,0,0,0,0,0,0,0,0,0,0,0,0,0,0,0,0,0
0,0,0,0,0,0,0,0,0,0,0,0,0,0,0,0,0,0,0,0
0,0,0,0,0,0,0,0,0,0,0,0,0,0,0,0,0,0,0,0
0,0,0,0,0,0,0,0,0,0,0,0,0,0,0,0,0,0,0,0
0,0,0,0,0,0,0,0,0,0,0,0,0,0,0,0,0,0,0,0
0,0,0,0,0,0,0,0,0,0,0,0,0,0,0,0,0,0,0,0
0,0,0,0,0,0,0,0,0,0,0,0,0,0,0,0,0,0,0,0
0,0,0,0,0,0,0,0,0,0,0,0,0,0,0,0,0,0,0,0
0,0,0,0,0,0,0,0,0,0,0,0,0,0,0,0,0,0,0,0
0,0,0,0,0,0,0,0,0,0,0,0,0,0,0,0,0,0,0,0
0,0,0,0,0,0,0,0,0,0,0,0,0,0,0,0,0,0,0,0
12,13,29026,32.044,14498,0.81641,82.13,14541,43.808,111.2,0,21,4,5697,4,5697,12,8800,12,8800
12,14,28955,-38.782,14498,0.81641,82.13,14469,-27.535,36.793,0,21,4,5697,4,5697,12,8800,12,8800
12,15,28984,-10.483,14498,0.81641,82.13,14498,0.69287,44.673,0,21,4,5697,4,5697,12,8800,12,8800
12,16,28989,-5.2383,14498,0.81641,82.13,14505,7.6073,81.727,0,21,4,5697,4,5697,12,8800,12,8800
12,17,28987,-6.7044,14498,0.81641,82.13,14504,6.7728,68.792,0,21,4,5697,4,5697,12,8800,12,8800
12,18,29009,15.495,14498,0.81641,82.13,14526,28.698,90.999,0,21,4,5697,4,5697,12,8800,12,8800
12,19,28972,-22.302,14498,0.81641,82.13,14485,-12.052,27.15,0,21,4,5697,4,5697,12,8800,12,8800
12,20,29047,52.562,14498,0.81641,82.13,14565,67.629,67.629,0,21,4,5697,4,5697,12,8800,12,8800
12,21,28959,-35.345,14498,0.81641,82.13,14473,-23.767,46.336,0,21,4,5697,4,5697,12,8800,12,8800
12,22,28981,-12.912,14498,0.81641,82.13,14494,-2.6525,58.642,0,21,4,5697,4,5697,12,8800,12,8800
12,23,28975,-19.182,14498,0.81641,82.13,14489,-8.4468,63.387,0,21,4,5697,4,5697,12,8800,12,8800
12,24,28980,-14.369,14498,0.81641,82.13,14495,-2.0277,55.126,0,21,4,5697,4,5697,12,8800,12,8800
12,25,28975,-18.947,14498,0.81641,82.13,14488,-9.3634,32.646,0,21,4,5697,4,5697,12,8800,12,8800
12,26,28993,-1.2836,14498,0.81641,82.13,14503,6.3414,23.762,0,21,4,5697,4,5697,12,8800,12,8800
12,27,29056,62.184,14498,0.81641,82.13,14573,76.359,156.5,0,21,4,5697,4,5697,12,8800,12,8800
12,28,28997,2.9604,14498,0.81641,82.13,14511,14.242,85.073,0,21,4,5697,4,5697,12,8800,12,8800
12,29,28985,-9.4556,14498,0.81641,82.13,14503,5.6076,70.825,0,21,4,5697,4,5697,12,8800,12,8800
12,30,29095,100.59,14498,0.81641,82.13,14617,119.63,208.75,0,21,4,5697,4,5697,12,8800,12,8800
12,31,28956,-38.065,14498,0.81641,82.13,14471,-26.205,56.309,0,21,4,5697,4,5697,12,8800,12,8800
13,14,28984,-10.157,14531,33.627,111.2,14469,-27.535,36.793,0,21,4,5697,4,5697,12,8800,12,8800
13,15,29015,21.319,14531,33.627,111.2,14498,0.69287,44.673,0,21,4,5697,4,5697,12,8800,12,8800
13,16,29019,24.599,14531,33.627,111.2,14505,7.6073,81.727,0,21,4,5697,4,5697,12,8800,12,8800
13,17,29019,24.858,14531,33.627,111.2,14504,6.7728,68.792,0,21,4,5697,4,5697,12,8800,12,8800
13,18,29042,48.07,14531,33.627,111.2,14526,28.698,90.999,0,21,4,5697,4,5697,12,8800,12,8800
13,19,29003,9.0402,14531,33.627,111.2,14485,-12.052,27.15,0,21,4,5697,4,5697,12,8800,12,8800
13,20,29082,88.058,14531,33.627,111.2,14565,67.629,67.629,0,21,4,5697,4,5697,12,8800,12,8800
13,21,28988,-6.009,14531,33.627,111.2,14473,-23.767,46.336,0,21,4,5697,4,5697,12,8800,12,8800
13,22,29013,18.821,14531,33.627,111.2,14494,-2.6525,58.642,0,21,4,5697,4,5697,12,8800,12,8800
13,23,29005,11.393,14531,33.627,111.2,14489,-8.4468,63.387,0,21,4,5697,4,5697,12,8800,12,8800
13,24,29009,15.249,14531,33.627,111.2,14495,-2.0277,55.126,0,21,4,5697,4,5697,12,8800,12,8800
13,25,29005,11.091,14531,33.627,111.2,14488,-9.3634,32.646,0,21,4,5697,4,5697,12,8800,12,8800
13,26,29025,30.958,14531,33.627,111.2,14503,6.3414,23.762,0,21,4,5697,4,5697,12,8800,12,8800
13,27,29089,94.767,14531,33.627,111.2,14573,76.359,156.5,0,21,4,5697,4,5697,12,8800,12,8800
13,28,29029,34.535,14531,33.627,111.2,14511,14.242,85.073,0,21,4,5697,4,5697,12,8800,12,8800
13,29,29017,22.525,14531,33.627,111.2,14503,5.6076,70.825,0,21,4,5697,4,5697,12,8800,12,8800
13,30,29129,135.45,14531,33.627,111.2,14617,119.63,208.75,0,21,4,5697,4,5697,12,8800,12,8800
13,31,28985,-8.5566,14531,33.627,111.2,14471,-26.205,56.309,0,21,4,5697,4,5697,12,8800,12,8800
14,15,28949,-45.362,14461,-35.855,36.793,14498,0.69287,44.673,0,21,4,5697,4,5697,12,8800,12,8800
14,16,28952,-41.853,14461,-35.855,36.793,14505,7.6073,81.727,0,21,4,5697,4,5697,12,8800,12,8800
14,17,28950,-44.288,14461,-35.855,36.793,14504,6.7728,68.792,0,21,4,5697,4,5697,12,8800,12,8800
14,18,28970,-24.437,14461,-35.855,36.793,14526,28.698,90.999,0,21,4,5697,4,5697,12,8800,12,8800
14,19,28940,-54.003,14461,-35.855,36.793,14485,-12.052,27.15,0,21,4,5697,4,5697,12,8800,12,8800
14,20,28999,4.7823,14461,-35.855,36.793,14565,67.629,67.629,0,21,4,5697,4,5697,12,8800,12,8800
14,21,28926,-67.577,14461,-35.855,36.793,14473,-23.767,46.336,0,21,4,5697,4,5697,12,8800,12,8800
14,22,28944,-50.255,14461,-35.855,36.793,14494,-2.6525,58.642,0,21,4,5697,4,5697,12,8800,12,8800
14,23,28939,-55.233,14461,-35.855,36.793,14489,-8.4468,63.387,0,21,4,5697,4,5697,12,8800,12,8800
14,24,28944,-50.004,14461,-35.855,36.793,14495,-2.0277,55.126,0,21,4,5697,4,5697,12,8800,12,8800
14,25,28942,-51.897,14461,-35.855,36.793,14488,-9.3634,32.646,0,21,4,5697,4,5697,12,8800,12,8800
14,26,28958,-35.974,14461,-35.855,36.793,14503,6.3414,23.762,0,21,4,5697,4,5697,12,8800,12,8800
14,27,29013,18.693,14461,-35.855,36.793,14573,76.359,156.5,0,21,4,5697,4,5697,12,8800,12,8800
14,28,28958,-35.82,14461,-35.855,36.793,14511,14.242,85.073,0,21,4,5697,4,5697,12,8800,12,8800
14,29,28950,-43.65,14461,-35.855,36.793,14503,5.6076,70.825,0,21,4,5697,4,5697,12,8800,12,8800
14,30,29049,54.689,14461,-35.855,36.793,14617,119.63,208.75,0,21,4,5697,4,5697,12,8800,12,8800
14,31,28924,-70.462,14461,-35.855,36.793,14471,-26.205,56.309,0,21,4,5697,4,5697,12,8800,12,8800
15,16,28981,-13.395,14489,-8.4693,44.673,14505,7.6073,81.727,0,21,4,5697,4,5697,12,8800,12,8800
15,17,28978,-16.145,14489,-8.4693,44.673,14504,6.7728,68.792,0,21,4,5697,4,5697,12,8800,12,8800
15,18,29000,5.6493,14489,-8.4693,44.673,14526,28.698,90.999,0,21,4,5697,4,5697,12,8800,12,8800
15,19,28967,-26.644,14489,-8.4693,44.673,14485,-12.052,27.15,0,21,4,5697,4,5697,12,8800,12,8800
15,20,29040,46.157,14489,-8.4693,44.673,14565,67.629,67.629,0,21,4,5697,4,5697,12,8800,12,8800
15,21,28953,-40.881,14489,-8.4693,44.673,14473,-23.767,46.336,0,21,4,5697,4,5697,12,8800,12,8800
15,22,28972,-22.318,14489,-8.4693,44.673,14494,-2.6525,58.642,0,21,4,5697,4,5697,12,8800,12,8800
15,23,28966,-27.737,14489,-8.4693,44.673,14489,-8.4468,63.387,0,21,4,5697,4,5697,12,8800,12,8800
15,24,28970,-23.568,14489,-8.4693,44.673,14495,-2.0277,55.126,0,21,4,5697,4,5697,12,8800,12,8800
15,25,28969,-24.624,14489,-8.4693,44.673,14488,-9.3634,32.646,0,21,4,5697,4,5697,12,8800,12,8800
15,26,28986,-8.1388,14489,-8.4693,44.673,14503,6.3414,23.762,0,21,4,5697,4,5697,12,8800,12,8800
15,27,29045,51.235,14489,-8.4693,44.673,14573,76.359,156.5,0,21,4,5697,4,5697,12,8800,12,8800
15,28,28987,-6.9285,14489,-8.4693,44.673,14511,14.242,85.073,0,21,4,5697,4,5697,12,8800,12,8800
15,29,28978,-15.587,14489,-8.4693,44.673,14503,5.6076,70.825,0,21,4,5697,4,5697,12,8800,12,8800
15,30,29085,91.433,14489,-8.4693,44.673,14617,119.63,208.75,0,21,4,5697,4,5697,12,8800,12,8800
15,31,28951,-43.269,14489,-8.4693,44.673,14471,-26.205,56.309,0,21,4,5697,4,5697,12,8800,12,8800
16,17,28983,-11.249,14495,-2.0737,81.727,14504,6.7728,68.792,0,21,4,5697,4,5697,12,8800,12,8800
16,18,29004,9.736,14495,-2.0737,81.727,14526,28.698,90.999,0,21,4,5697,4,5697,12,8800,12,8800
16,19,28972,-22.461,14495,-2.0737,81.727,14485,-12.052,27.15,0,21,4,5697,4,5697,12,8800,12,8800
16,20,29045,51.134,14495,-2.0737,81.727,14565,67.629,67.629,0,21,4,5697,4,5697,12,8800,12,8800
16,21,28957,-36.824,14495,-2.0737,81.727,14473,-23.767,46.336,0,21,4,5697,4,5697,12,8800,12,8800
16,22,28977,-17.143,14495,-2.0737,81.727,14494,-2.6525,58.642,0,21,4,5697,4,5697,12,8800,12,8800
16,23,28971,-23.133,14495,-2.0737,81.727,14489,-8.4468,63.387,0,21,4,5697,4,5697,12,8800,12,8800
16,24,28975,-18.696,14495,-2.0737,81.727,14495,-2.0277,55.126,0,21,4,5697,4,5697,12,8800,12,8800
16,25,28975,-19.332,14495,-2.0737,81.727,14488,-9.3634,32.646,0,21,4,5697,4,5697,12,8800,12,8800
16,26,28992,-2.3921,14495,-2.0737,81.727,14503,6.3414,23.762,0,21,4,5697,4,5697,12,8800,12,8800
16,27,29050,55.743,14495,-2.0737,81.727,14573,76.359,156.5,0,21,4,5697,4,5697,12,8800,12,8800
16,28,28991,-2.8553,14495,-2.0737,81.727,14511,14.242,85.073,0,21,4,5697,4,5697,12,8800,12,8800
16,29,28981,-12.534,14495,-2.0737,81.727,14503,5.6076,70.825,0,21,4,5697,4,5697,12,8800,12,8800
16,30,29089,94.821,14495,-2.0737,81.727,14617,119.63,208.75,0,21,4,5697,4,5697,12,8800,12,8800
16,31,28956,-38.421,14495,-2.0737,81.727,14471,-26.205,56.309,0,21,4,5697,4,5697,12,8800,12,8800
17,18,29004,10.467,14492,-4.7785,68.792,14526,28.698,90.999,0,21,4,5697,4,5697,12,8800,12,8800
17,19,28968,-26.381,14492,-4.7785,68.792,14485,-12.052,27.15,0,21,4,5697,4,5697,12,8800,12,8800
17,20,29038,44.386,14492,-4.7785,68.792,14565,67.629,67.629,0,21,4,5697,4,5697,12,8800,12,8800
17,21,28955,-39.446,14492,-4.7785,68.792,14473,-23.767,46.336,0,21,4,5697,4,5697,12,8800,12,8800
17,22,28975,-19.404,14492,-4.7785,68.792,14494,-2.6525,58.642,0,21,4,5697,4,5697,12,8800,12,8800
17,23,28968,-26.054,14492,-4.7785,68.792,14489,-8.4468,63.387,0,21,4,5697,4,5697,12,8800,12,8800
17,24,28974,-19.899,14492,-4.7785,68.792,14495,-2.0277,55.126,0,21,4,5697,4,5697,12,8800,12,8800
17,25,28970,-24.249,14492,-4.7785,68.792,14488,-9.3634,32.646,0,21,4,5697,4,5697,12,8800,12,8800
17,26,28986,-7.9389,14492,-4.7785,68.792,14503,6.3414,23.762,0,21,4,5697,4,5697,12,8800,12,8800
17,27,29050,56.193,14492,-4.7785,68.792,14573,76.359,156.5,0,21,4,5697,4,5697,12,8800,12,8800
17,28,28990,-4.4448,14492,-4.7785,68.792,14511,14.242,85.073,0,21,4,5697,4,5697,12,8800,12,8800
17,29,28980,-14.345,14492,-4.7785,68.792,14503,5.6076,70.825,0,21,4,5697,4,5697,12,8800,12,8800
17,30,29088,94.273,14492,-4.7785,68.792,14617,119.63,208.75,0,21,4,5697,4,5697,12,8800,12,8800
17,31,28952,-42.068,14492,-4.7785,68.792,14471,-26.205,56.309,0,21,4,5697,4,5697,12,8800,12,8800
18,19,28988,-6.0733,14515,17.748,90.999,14485,-12.052,27.15,0,21,4,5697,4,5697,12,8800,12,8800
18,20,29067,73.384,14515,17.748,90.999,14565,67.629,67.629,0,21,4,5697,4,5697,12,8800,12,8800
18,21,28974,-19.673,14515,17.748,90.999,14473,-23.767,46.336,0,21,4,5697,4,5697,12,8800,12,8800
18,22,28997,3.0926,14515,17.748,90.999,14494,-2.6525,58.642,0,21,4,5697,4,5697,12,8800,12,8800
18,23,28990,-4.111,14515,17.748,90.999,14489,-8.4468,63.387,0,21,4,5697,4,5697,12,8800,12,8800
18,24,28995,1.1387,14515,17.748,90.999,14495,-2.0277,55.126,0,21,4,5697,4,5697,12,8800,12,8800
18,25,28990,-3.7813,14515,17.748,90.999,14488,-9.3634,32.646,0,21,4,5697,4,5697,12,8800,12,8800
18,26,29009,15.313,14515,17.748,90.999,14503,6.3414,23.762,0,21,4,5697,4,5697,12,8800,12,8800
18,27,29074,79.697,14515,17.748,90.999,14573,76.359,156.5,0,21,4,5697,4,5697,12,8800,12,8800
18,28,29012,18.2,14515,17.748,90.999,14511,14.242,85.073,0,21,4,5697,4,5697,12,8800,12,8800
18,29,29001,7.3035,14515,17.748,90.999,14503,5.6076,70.825,0,21,4,5697,4,5697,12,8800,12,8800
18,30,29112,118.37,14515,17.748,90.999,14617,119.63,208.75,0,21,4,5697,4,5697,12,8800,12,8800
18,31,28972,-22.1,14515,17.748,90.999,14471,-26.205,56.309,0,21,4,5697,4,5697,12,8800,12,8800
19,20,29025,31.331,14480,-17.065,27.15,14565,67.629,67.629,0,21,4,5697,4,5697,12,8800,12,8800
19,21,28945,-48.717,14480,-17.065,27.15,14473,-23.767,46.336,0,21,4,5697,4,5697,12,8800,12,8800
19,22,28961,-32.689,14480,-17.065,27.15,14494,-2.6525,58.642,0,21,4,5697,4,5697,12,8800,12,8800
19,23,28956,-37.556,14480,-17.065,27.15,14489,-8.4468,63.387,0,21,4,5697,4,5697,12,8800,12,8800
19,24,28962,-32.206,14480,-17.065,27.15,14495,-2.0277,55.126,0,21,4,5697,4,5697,12,8800,12,8800
19,25,28962,-32.22,14480,-17.065,27.15,14488,-9.3634,32.646,0,21,4,5697,4,5697,12,8800,12,8800
19,26,28978,-16.19,14480,-17.065,27.15,14503,6.3414,23.762,0,21,4,5697,4,5697,12,8800,12,8800
19,27,29034,39.747,14480,-17.065,27.15,14573,76.359,156.5,0,21,4,5697,4,5697,12,8800,12,8800
19,28,28976,-18.427,14480,-17.065,27.15,14511,14.242,85.073,0,21,4,5697,4,5697,12,8800,12,8800
19,29,28970,-24.379,14480,-17.065,27.15,14503,5.6076,70.825,0,21,4,5697,4,5697,12,8800,12,8800
19,30,29072,78.304,14480,-17.065,27.15,14617,119.63,208.75,0,21,4,5697,4,5697,12,8800,12,8800
19,31,28943,-50.89,14480,-17.065,27.15,14471,-26.205,56.309,0,21,4,5697,4,5697,12,8800,12,8800
20,21,29004,10.123,14563,66.058,67.629,14473,-23.767,46.336,0,21,4,5697,4,5697,12,8800,12,8800
20,22,29033,38.57,14563,66.058,67.629,14494,-2.6525,58.642,0,21,4,5697,4,5697,12,8800,12,8800
20,23,29025,30.507,14563,66.058,67.629,14489,-8.4468,63.387,0,21,4,5697,4,5697,12,8800,12,8800
20,24,29028,34.221,14563,66.058,67.629,14495,-2.0277,55.126,0,21,4,5697,4,5697,12,8800,12,8800
20,25,29029,35.235,14563,66.058,67.629,14488,-9.3634,32.646,0,21,4,5697,4,5697,12,8800,12,8800
20,26,29059,64.919,14563,66.058,67.629,14503,6.3414,23.762,0,21,4,5697,4,5697,12,8800,12,8800
20,27,29116,122.16,14563,66.058,67.629,14573,76.359,156.5,0,21,4,5697,4,5697,12,8800,12,8800
20,28,29048,53.851,14563,66.058,67.629,14511,14.242,85.073,0,21,4,5697,4,5697,12,8800,12,8800
20,29,29042,48.012,14563,66.058,67.629,14503,5.6076,70.825,0,21,4,5697,4,5697,12,8800,12,8800
20,30,29162,168.19,14563,66.058,67.629,14617,119.63,208.75,0,21,4,5697,4,5697,12,8800,12,8800
20,31,29003,8.8451,14563,66.058,67.629,14471,-26.205,56.309,0,21,4,5697,4,5697,12,8800,12,8800
21,22,28948,-46.025,14466,-30.952,46.336,14494,-2.6525,58.642,0,21,4,5697,4,5697,12,8800,12,8800
21,23,28943,-51.046,14466,-30.952,46.336,14489,-8.4468,63.387,0,21,4,5697,4,5697,12,8800,12,8800
21,24,28949,-45.364,14466,-30.952,46.336,14495,-2.0277,55.126,0,21,4,5697,4,5697,12,8800,12,8800
21,25,28947,-46.673,14466,-30.952,46.336,14488,-9.3634,32.646,0,21,4,5697,4,5697,12,8800,12,8800
21,26,28963,-30.731,14466,-30.952,46.336,14503,6.3414,23.762,0,21,4,5697,4,5697,12,8800,12,8800
21,27,29017,23.076,14466,-30.952,46.336,14573,76.359,156.5,0,21,4,5697,4,5697,12,8800,12,8800
21,28,28962,-31.936,14466,-30.952,46.336,14511,14.242,85.073,0,21,4,5697,4,5697,12,8800,12,8800
21,29,28955,-38.901,14466,-30.952,46.336,14503,5.6076,70.825,0,21,4,5697,4,5697,12,8800,12,8800
21,30,29054,59.55,14466,-30.952,46.336,14617,119.63,208.75,0,21,4,5697,4,5697,12,8800,12,8800
21,31,28929,-65.289,14466,-30.952,46.336,14471,-26.205,56.309,0,21,4,5697,4,5697,12,8800,12,8800
22,23,28962,-31.945,14486,-11.488,58.642,14489,-8.4468,63.387,0,21,4,5697,4,5697,12,8800,12,8800
22,24,28966,-27.939,14486,-11.488,58.642,14495,-2.0277,55.126,0,21,4,5697,4,5697,12,8800,12,8800
22,25,28964,-30.097,14486,-11.488,58.642,14488,-9.3634,32.646,0,21,4,5697,4,5697,12,8800,12,8800
22,26,28981,-13.138,14486,-11.488,58.642,14503,6.3414,23.762,0,21,4,5697,4,5697,12,8800,12,8800
22,27,29044,50.106,14486,-11.488,58.642,14573,76.359,156.5,0,21,4,5697,4,5697,12,8800,12,8800
22,28,28985,-9.4336,14486,-11.488,58.642,14511,14.242,85.073,0,21,4,5697,4,5697,12,8800,12,8800
22,29,28972,-21.639,14486,-11.488,58.642,14503,5.6076,70.825,0,21,4,5697,4,5697,12,8800,12,8800
22,30,29081,86.627,14486,-11.488,58.642,14617,119.63,208.75,0,21,4,5697,4,5697,12,8800,12,8800
22,31,28945,-48.939,14486,-11.488,58.642,14471,-26.205,56.309,0,21,4,5697,4,5697,12,8800,12,8800
23,24,28961,-32.537,14479,-17.783,63.387,14495,-2.0277,55.126,0,21,4,5697,4,5697,12,8800,12,8800
23,25,28959,-35.283,14479,-17.783,63.387,14488,-9.3634,32.646,0,21,4,5697,4,5697,12,8800,12,8800
23,26,28975,-18.595,14479,-17.783,63.387,14503,6.3414,23.762,0,21,4,5697,4,5697,12,8800,12,8800
23,27,29034,40.265,14479,-17.783,63.387,14573,76.359,156.5,0,21,4,5697,4,5697,12,8800,12,8800
23,28,28978,-16.092,14479,-17.783,63.387,14511,14.242,85.073,0,21,4,5697,4,5697,12,8800,12,8800
23,29,28968,-25.971,14479,-17.783,63.387,14503,5.6076,70.825,0,21,4,5697,4,5697,12,8800,12,8800
23,30,29073,79.47,14479,-17.783,63.387,14617,119.63,208.75,0,21,4,5697,4,5697,12,8800,12,8800
23,31,28940,-53.998,14479,-17.783,63.387,14471,-26.205,56.309,0,21,4,5697,4,5697,12,8800,12,8800
24,25,28965,-29.486,14485,-12.476,55.126,14488,-9.3634,32.646,0,21,4,5697,4,5697,12,8800,12,8800
24,26,28980,-13.92,14485,-12.476,55.126,14503,6.3414,23.762,0,21,4,5697,4,5697,12,8800,12,8800
24,27,29039,44.723,14485,-12.476,55.126,14573,76.359,156.5,0,21,4,5697,4,5697,12,8800,12,8800
24,28,28983,-11.498,14485,-12.476,55.126,14511,14.242,85.073,0,21,4,5697,4,5697,12,8800,12,8800
24,29,28974,-20.224,14485,-12.476,55.126,14503,5.6076,70.825,0,21,4,5697,4,5697,12,8800,12,8800
24,30,29077,83.418,14485,-12.476,55.126,14617,119.63,208.75,0,21,4,5697,4,5697,12,8800,12,8800
24,31,28946,-48.43,14485,-12.476,55.126,14471,-26.205,56.309,0,21,4,5697,4,5697,12,8800,12,8800
25,26,28980,-14.229,14482,-14.838,32.646,14503,6.3414,23.762,0,21,4,5697,4,5697,12,8800,12,8800
25,27,29035,41.13,14482,-14.838,32.646,14573,76.359,156.5,0,21,4,5697,4,5697,12,8800,12,8800
25,28,28979,-15.325,14482,-14.838,32.646,14511,14.242,85.073,0,21,4,5697,4,5697,12,8800,12,8800
25,29,28972,-21.984,14482,-14.838,32.646,14503,5.6076,70.825,0,21,4,5697,4,5697,12,8800,12,8800
25,30,29075,80.588,14482,-14.838,32.646,14617,119.63,208.75,0,21,4,5697,4,5697,12,8800,12,8800
25,31,28945,-48.869,14482,-14.838,32.646,14471,-26.205,56.309,0,21,4,5697,4,5697,12,8800,12,8800
26,27,29057,62.848,14499,1.5285,23.762,14573,76.359,156.5,0,21,4,5697,4,5697,12,8800,12,8800
26,28,28996,1.6236,14499,1.5285,23.762,14511,14.242,85.073,0,21,4,5697,4,5697,12,8800,12,8800
26,29,28988,-5.5192,14499,1.5285,23.762,14503,5.6076,70.825,0,21,4,5697,4,5697,12,8800,12,8800
26,30,29099,105.02,14499,1.5285,23.762,14617,119.63,208.75,0,21,4,5697,4,5697,12,8800,12,8800
26,31,28961,-32.818,14499,1.5285,23.762,14471,-26.205,56.309,0,21,4,5697,4,5697,12,8800,12,8800
27,28,29058,64.149,14562,64.717,156.5,14511,14.242,85.073,0,21,4,5697,4,5697,12,8800,12,8800
27,29,29046,52.252,14562,64.717,156.5,14503,5.6076,70.825,0,21,4,5697,4,5697,12,8800,12,8800
27,30,29159,165.36,14562,64.717,156.5,14617,119.63,208.75,0,21,4,5697,4,5697,12,8800,12,8800
27,31,29016,22.082,14562,64.717,156.5,14471,-26.205,56.309,0,21,4,5697,4,5697,12,8800,12,8800
28,29,28988,-6.1841,14501,3.6515,85.073,14503,5.6076,70.825,0,21,4,5697,4,5697,12,8800,12,8800
28,30,29096,102.23,14501,3.6515,85.073,14617,119.63,208.75,0,21,4,5697,4,5697,12,8800,12,8800
28,31,28959,-34.856,14501,3.6515,85.073,14471,-26.205,56.309,0,21,4,5697,4,5697,12,8800,12,8800
29,30,29087,93.302,14492,-4.6362,70.825,14617,119.63,208.75,0,21,4,5697,4,5697,12,8800,12,8800
29,31,28953,-40.996,14492,-4.6362,70.825,14471,-26.205,56.309,0,21,4,5697,4,5697,12,8800,12,8800
30,31,29054,59.602,14605,107.53,208.75,14471,-26.205,56.309,0,21,4,5697,4,5697,12,8800,12,8800
