cust1,cust2,dc_cost,dc_op_cost,cust1_cost,cust1_op_cost,cust1_no_der_op_cost,cust2_cost,cust2_op_cost,cust2_no_der_op_cost,dissimilarity,simulation_days,PV1_peak,PV1_cost,PV2_peak,PV2_cost,Battery1_capacity,Battery1_cost,Battery2_capacity,Battery2_cost
0,1,28948,-45.935,14489,-8.0361,42.929,14465,-32.247,28.08,0,25,4,5697,4,5697,26.4,8800,26.4,8800
0,2,28949,-44.744,14489,-8.0361,42.929,14470,-26.571,47.583,0,25,4,5697,4,5697,26.4,8800,26.4,8800
0,3,28972,-22.428,14489,-8.0361,42.929,14493,-3.6264,59.537,0,25,4,5697,4,5697,26.4,8800,26.4,8800
0,4,28964,-29.963,14489,-8.0361,42.929,14481,-15.792,22.808,0,25,4,5697,4,5697,26.4,8800,26.4,8800
0,5,28980,-14.047,14489,-8.0361,42.929,14507,9.8605,90.822,0,25,4,5697,4,5697,26.4,8800,26.4,8800
0,6,28989,-5.4614,14489,-8.0361,42.929,14517,20.283,70.242,0,25,4,5697,4,5697,26.4,8800,26.4,8800
0,7,28996,1.8718,14489,-8.0361,42.929,14530,32.894,104.55,0,25,4,5697,4,5697,26.4,8800,26.4,8800
0,8,28948,-45.546,14489,-8.0361,42.929,14469,-27.513,32.643,0,25,4,5697,4,5697,26.4,8800,26.4,8800
0,9,28967,-26.626,14489,-8.0361,42.929,14493,-4.4791,78.356,0,25,4,5697,4,5697,26.4,8800,26.4,8800
0,10,28963,-30.967,14489,-8.0361,42.929,14487,-9.5684,50.523,0,25,4,5697,4,5697,26.4,8800,26.4,8800
0,0,0,0,0,0,0,0,0,0,0,0,0,0,0,0,0,0,0,0
0,12,28980,-14.315,14489,-8.0361,42.929,14508,10.978,82.13,0,25,4,5697,4,5697,26.4,8800,26.4,8800
0,13,29007,12.625,14489,-8.0361,42.929,14541,43.808,111.2,0,25,4,5697,4,5697,26.4,8800,26.4,8800
0,14,28947,-46.64,14489,-8.0361,42.929,14469,-27.535,36.793,0,25,4,5697,4,5697,26.4,8800,26.4,8800
0,15,28975,-18.613,14489,-8.0361,42.929,14498,0.69286,44.673,0,25,4,5697,4,5697,26.4,8800,26.4,8800
0,16,28975,-18.68,14489,-8.0361,42.929,14505,7.6073,81.727,0,25,4,5697,4,5697,26.4,8800,26.4,8800
0,17,28974,-19.609,14489,-8.0361,42.929,14504,6.7726,68.792,0,25,4,5697,4,5697,26.4,8800,26.4,8800
0,18,28993,-1.1781,14489,-8.0361,42.929,14526,28.698,90.999,0,25,4,5697,4,5697,26.4,8800,26.4,8800
0,19,28967,-26.511,14489,-8.0361,42.929,14485,-12.052,27.15,0,25,4,5697,4,5697,26.4,8800,26.4,8800
0,20,29036,42.075,14489,-8.0361,42.929,14565,67.629,67.629,0,25,4,5697,4,5697,26.4,8800,26.4,8800
0,21,28953,-41.015,14489,-8.0361,42.929,14473,-23.767,46.336,0,25,4,5697,4,5697,26.4,8800,26.4,8800
0,22,28968,-26.325,14489,-8.0361,42.929,14494,-2.6523,58.642,0,25,4,5697,4,5697,26.4,8800,26.4,8800
0,23,28965,-28.792,14489,-8.0361,42.929,14489,-8.4468,63.387,0,25,4,5697,4,5697,26.4,8800,26.4,8800
0,24,28969,-24.981,14489,-8.0361,42.929,14495,-2.0277,55.126,0,25,4,5697,4,5697,26.4,8800,26.4,8800
0,25,28969,-24.615,14489,-8.0361,42.929,14488,-9.3634,32.646,0,25,4,5697,4,5697,26.4,8800,26.4,8800
0,26,28986,-8.4139,14489,-8.0361,42.929,14503,6.3414,23.762,0,25,4,5697,4,5697,26.4,8800,26.4,8800
0,27,29036,41.54,14489,-8.0361,42.929,14573,76.359,156.5,0,25,4,5697,4,5697,26.4,8800,26.4,8800
0,28,28979,-14.543,14489,-8.0361,42.929,14511,14.242,85.073,0,25,4,5697,4,5697,26.4,8800,26.4,8800
0,29,28977,-16.527,14489,-8.0361,42.929,14503,5.6077,70.825,0,25,4,5697,4,5697,26.4,8800,26.4,8800
0,30,29078,83.548,14489,-8.0361,42.929,14617,119.63,208.75,0,25,4,5697,4,5697,26.4,8800,26.4,8800
0,31,28951,-43.278,14489,-8.0361,42.929,14471,-26.205,56.309,0,25,4,5697,4,5697,26.4,8800,26.4,8800
1,2,28922,-71.817,14461,-36.03,28.08,14470,-26.571,47.583,0,25,4,5697,4,5697,26.4,8800,26.4,8800
1,3,28942,-51.943,14461,-36.03,28.08,14493,-3.6264,59.537,0,25,4,5697,4,5697,26.4,8800,26.4,8800
1,4,28937,-56.657,14461,-36.03,28.08,14481,-15.792,22.808,0,25,4,5697,4,5697,26.4,8800,26.4,8800
1,5,28948,-45.868,14461,-36.03,28.08,14507,9.8605,90.822,0,25,4,5697,4,5697,26.4,8800,26.4,8800
1,6,28960,-34.06,14461,-36.03,28.08,14517,20.283,70.242,0,25,4,5697,4,5697,26.4,8800,26.4,8800
1,7,28963,-30.984,14461,-36.03,28.08,14530,32.894,104.55,0,25,4,5697,4,5697,26.4,8800,26.4,8800
1,8,28922,-72.485,14461,-36.03,28.08,14469,-27.513,32.643,0,25,4,5697,4,5697,26.4,8800,26.4,8800
1,9,28937,-56.526,14461,-36.03,28.08,14493,-4.4791,78.356,0,25,4,5697,4,5697,26.4,8800,26.4,8800
1,10,28936,-58.432,14461,-36.03,28.08,14487,-9.5684,50.523,0,25,4,5697,4,5697,26.4,8800,26.4,8800
0,0,0,0,0,0,0,0,0,0,0,0,0,0,0,0,0,0,0,0
1,12,28950,-44.025,14461,-36.03,28.08,14508,10.978,82.13,0,25,4,5697,4,5697,26.4,8800,26.4,8800
1,13,28973,-21.182,14461,-36.03,28.08,14541,43.808,111.2,0,25,4,5697,4,5697,26.4,8800,26.4,8800
1,14,28921,-73.366,14461,-36.03,28.08,14469,-27.535,36.793,0,25,4,5697,4,5697,26.4,8800,26.4,8800
1,15,28948,-46.086,14461,-36.03,28.08,14498,0.69286,44.673,0,25,4,5697,4,5697,26.4,8800,26.4,8800
1,16,28948,-45.759,14461,-36.03,28.08,14505,7.6073,81.727,0,25,4,5697,4,5697,26.4,8800,26.4,8800
1,17,28947,-47.287,14461,-36.03,28.08,14504,6.7726,68.792,0,25,4,5697,4,5697,26.4,8800,26.4,8800
1,18,28962,-31.805,14461,-36.03,28.08,14526,28.698,90.999,0,25,4,5697,4,5697,26.4,8800,26.4,8800
1,19,28940,-53.504,14461,-36.03,28.08,14485,-12.052,27.15,0,25,4,5697,4,5697,26.4,8800,26.4,8800
1,20,28994,-0.26524,14461,-36.03,28.08,14565,67.629,67.629,0,25,4,5697,4,5697,26.4,8800,26.4,8800
1,21,28926,-67.994,14461,-36.03,28.08,14473,-23.767,46.336,0,25,4,5697,4,5697,26.4,8800,26.4,8800
1,22,28939,-54.84,14461,-36.03,28.08,14494,-2.6523,58.642,0,25,4,5697,4,5697,26.4,8800,26.4,8800
1,23,28937,-57.421,14461,-36.03,28.08,14489,-8.4468,63.387,0,25,4,5697,4,5697,26.4,8800,26.4,8800
1,24,28942,-52.015,14461,-36.03,28.08,14495,-2.0277,55.126,0,25,4,5697,4,5697,26.4,8800,26.4,8800
1,25,28943,-51.482,14461,-36.03,28.08,14488,-9.3634,32.646,0,25,4,5697,4,5697,26.4,8800,26.4,8800
1,26,28958,-35.675,14461,-36.03,28.08,14503,6.3414,23.762,0,25,4,5697,4,5697,26.4,8800,26.4,8800
1,27,28995,0.82698,14461,-36.03,28.08,14573,76.359,156.5,0,25,4,5697,4,5697,26.4,8800,26.4,8800
1,28,28951,-43.053,14461,-36.03,28.08,14511,14.242,85.073,0,25,4,5697,4,5697,26.4,8800,26.4,8800
1,29,28950,-44.099,14461,-36.03,28.08,14503,5.6077,70.825,0,25,4,5697,4,5697,26.4,8800,26.4,8800
1,30,29036,42.369,14461,-36.03,28.08,14617,119.63,208.75,0,25,4,5697,4,5697,26.4,8800,26.4,8800
1,31,28924,-70.278,14461,-36.03,28.08,14471,-26.205,56.309,0,25,4,5697,4,5697,26.4,8800,26.4,8800
2,3,28943,-50.831,14462,-35.349,47.583,14493,-3.6264,59.537,0,25,4,5697,4,5697,26.4,8800,26.4,8800
2,4,28938,-55.925,14462,-35.349,47.583,14481,-15.792,22.808,0,25,4,5697,4,5697,26.4,8800,26.4,8800
2,5,28952,-41.991,14462,-35.349,47.583,14507,9.8605,90.822,0,25,4,5697,4,5697,26.4,8800,26.4,8800
2,6,28961,-33.081,14462,-35.349,47.583,14517,20.283,70.242,0,25,4,5697,4,5697,26.4,8800,26.4,8800
2,7,28967,-26.712,14462,-35.349,47.583,14530,32.894,104.55,0,25,4,5697,4,5697,26.4,8800,26.4,8800
2,8,28922,-71.546,14462,-35.349,47.583,14469,-27.513,32.643,0,25,4,5697,4,5697,26.4,8800,26.4,8800
2,9,28940,-54.345,14462,-35.349,47.583,14493,-4.4791,78.356,0,25,4,5697,4,5697,26.4,8800,26.4,8800
2,10,28936,-57.503,14462,-35.349,47.583,14487,-9.5684,50.523,0,25,4,5697,4,5697,26.4,8800,26.4,8800
0,0,0,0,0,0,0,0,0,0,0,0,0,0,0,0,0,0,0,0
2,12,28952,-42.199,14462,-35.349,47.583,14508,10.978,82.13,0,25,4,5697,4,5697,26.4,8800,26.4,8800
2,13,28977,-17.05,14462,-35.349,47.583,14541,43.808,111.2,0,25,4,5697,4,5697,26.4,8800,26.4,8800
2,14,28921,-72.509,14462,-35.349,47.583,14469,-27.535,36.793,0,25,4,5697,4,5697,26.4,8800,26.4,8800
2,15,28949,-45.097,14462,-35.349,47.583,14498,0.69286,44.673,0,25,4,5697,4,5697,26.4,8800,26.4,8800
2,16,28949,-44.765,14462,-35.349,47.583,14505,7.6073,81.727,0,25,4,5697,4,5697,26.4,8800,26.4,8800
2,17,28948,-46.362,14462,-35.349,47.583,14504,6.7726,68.792,0,25,4,5697,4,5697,26.4,8800,26.4,8800
2,18,28964,-29.655,14462,-35.349,47.583,14526,28.698,90.999,0,25,4,5697,4,5697,26.4,8800,26.4,8800
2,19,28941,-52.559,14462,-35.349,47.583,14485,-12.052,27.15,0,25,4,5697,4,5697,26.4,8800,26.4,8800
2,20,28998,3.576,14462,-35.349,47.583,14565,67.629,67.629,0,25,4,5697,4,5697,26.4,8800,26.4,8800
2,21,28927,-67.016,14462,-35.349,47.583,14473,-23.767,46.336,0,25,4,5697,4,5697,26.4,8800,26.4,8800
2,22,28940,-53.794,14462,-35.349,47.583,14494,-2.6523,58.642,0,25,4,5697,4,5697,26.4,8800,26.4,8800
2,23,28937,-56.525,14462,-35.349,47.583,14489,-8.4468,63.387,0,25,4,5697,4,5697,26.4,8800,26.4,8800
2,24,28943,-51.147,14462,-35.349,47.583,14495,-2.0277,55.126,0,25,4,5697,4,5697,26.4,8800,26.4,8800
2,25,28943,-50.532,14462,-35.349,47.583,14488,-9.3634,32.646,0,25,4,5697,4,5697,26.4,8800,26.4,8800
2,26,28959,-34.606,14462,-35.349,47.583,14503,6.3414,23.762,0,25,4,5697,4,5697,26.4,8800,26.4,8800
2,27,29000,5.9887,14462,-35.349,47.583,14573,76.359,156.5,0,25,4,5697,4,5697,26.4,8800,26.4,8800
2,28,28951,-42.697,14462,-35.349,47.583,14511,14.242,85.073,0,25,4,5697,4,5697,26.4,8800,26.4,8800
2,29,28951,-43.337,14462,-35.349,47.583,14503,5.6077,70.825,0,25,4,5697,4,5697,26.4,8800,26.4,8800
2,30,29041,47.397,14462,-35.349,47.583,14617,119.63,208.75,0,25,4,5697,4,5697,26.4,8800,26.4,8800
2,31,28925,-69.231,14462,-35.349,47.583,14471,-26.205,56.309,0,25,4,5697,4,5697,26.4,8800,26.4,8800
3,4,28958,-35.821,14483,-13.51,59.537,14481,-15.792,22.808,0,25,4,5697,4,5697,26.4,8800,26.4,8800
3,5,28974,-19.841,14483,-13.51,59.537,14507,9.8605,90.822,0,25,4,5697,4,5697,26.4,8800,26.4,8800
3,6,28983,-10.818,14483,-13.51,59.537,14517,20.283,70.242,0,25,4,5697,4,5697,26.4,8800,26.4,8800
3,7,28990,-4.3077,14483,-13.51,59.537,14530,32.894,104.55,0,25,4,5697,4,5697,26.4,8800,26.4,8800
3,8,28942,-51.554,14483,-13.51,59.537,14469,-27.513,32.643,0,25,4,5697,4,5697,26.4,8800,26.4,8800
3,9,28961,-33.171,14483,-13.51,59.537,14493,-4.4791,78.356,0,25,4,5697,4,5697,26.4,8800,26.4,8800
3,10,28957,-37.207,14483,-13.51,59.537,14487,-9.5684,50.523,0,25,4,5697,4,5697,26.4,8800,26.4,8800
0,0,0,0,0,0,0,0,0,0,0,0,0,0,0,0,0,0,0,0
3,12,28973,-20.917,14483,-13.51,59.537,14508,10.978,82.13,0,25,4,5697,4,5697,26.4,8800,26.4,8800
3,13,29001,6.581,14483,-13.51,59.537,14541,43.808,111.2,0,25,4,5697,4,5697,26.4,8800,26.4,8800
3,14,28942,-52.495,14483,-13.51,59.537,14469,-27.535,36.793,0,25,4,5697,4,5697,26.4,8800,26.4,8800
3,15,28969,-24.566,14483,-13.51,59.537,14498,0.69286,44.673,0,25,4,5697,4,5697,26.4,8800,26.4,8800
3,16,28970,-24.304,14483,-13.51,59.537,14505,7.6073,81.727,0,25,4,5697,4,5697,26.4,8800,26.4,8800
3,17,28968,-25.719,14483,-13.51,59.537,14504,6.7726,68.792,0,25,4,5697,4,5697,26.4,8800,26.4,8800
3,18,28987,-7.2884,14483,-13.51,59.537,14526,28.698,90.999,0,25,4,5697,4,5697,26.4,8800,26.4,8800
3,19,28962,-32.184,14483,-13.51,59.537,14485,-12.052,27.15,0,25,4,5697,4,5697,26.4,8800,26.4,8800
3,20,29026,32.375,14483,-13.51,59.537,14565,67.629,67.629,0,25,4,5697,4,5697,26.4,8800,26.4,8800
3,21,28947,-46.999,14483,-13.51,59.537,14473,-23.767,46.336,0,25,4,5697,4,5697,26.4,8800,26.4,8800
3,22,28961,-33.378,14483,-13.51,59.537,14494,-2.6523,58.642,0,25,4,5697,4,5697,26.4,8800,26.4,8800
3,23,28958,-35.602,14483,-13.51,59.537,14489,-8.4468,63.387,0,25,4,5697,4,5697,26.4,8800,26.4,8800
3,24,28963,-30.814,14483,-13.51,59.537,14495,-2.0277,55.126,0,25,4,5697,4,5697,26.4,8800,26.4,8800
3,25,28964,-30.362,14483,-13.51,59.537,14488,-9.3634,32.646,0,25,4,5697,4,5697,26.4,8800,26.4,8800
3,26,28980,-13.621,14483,-13.51,59.537,14503,6.3414,23.762,0,25,4,5697,4,5697,26.4,8800,26.4,8800
3,27,29027,33.185,14483,-13.51,59.537,14573,76.359,156.5,0,25,4,5697,4,5697,26.4,8800,26.4,8800
3,28,28974,-20.433,14483,-13.51,59.537,14511,14.242,85.073,0,25,4,5697,4,5697,26.4,8800,26.4,8800
3,29,28972,-22.315,14483,-13.51,59.537,14503,5.6077,70.825,0,25,4,5697,4,5697,26.4,8800,26.4,8800
3,30,29070,76.379,14483,-13.51,59.537,14617,119.63,208.75,0,25,4,5697,4,5697,26.4,8800,26.4,8800
3,31,28945,-49.181,14483,-13.51,59.537,14471,-26.205,56.309,0,25,4,5697,4,5697,26.4,8800,26.4,8800
4,5,28965,-29.409,14477,-20.424,22.808,14507,9.8605,90.822,0,25,4,5697,4,5697,26.4,8800,26.4,8800
4,6,28976,-18.091,14477,-20.424,22.808,14517,20.283,70.242,0,25,4,5697,4,5697,26.4,8800,26.4,8800
4,7,28980,-14.38,14477,-20.424,22.808,14530,32.894,104.55,0,25,4,5697,4,5697,26.4,8800,26.4,8800
4,8,28937,-56.614,14477,-20.424,22.808,14469,-27.513,32.643,0,25,4,5697,4,5697,26.4,8800,26.4,8800
4,9,28953,-40.734,14477,-20.424,22.808,14493,-4.4791,78.356,0,25,4,5697,4,5697,26.4,8800,26.4,8800
4,10,28951,-42.519,14477,-20.424,22.808,14487,-9.5684,50.523,0,25,4,5697,4,5697,26.4,8800,26.4,8800
0,0,0,0,0,0,0,0,0,0,0,0,0,0,0,0,0,0,0,0
4,12,28966,-28.128,14477,-20.424,22.808,14508,10.978,82.13,0,25,4,5697,4,5697,26.4,8800,26.4,8800
4,13,28990,-4.4752,14477,-20.424,22.808,14541,43.808,111.2,0,25,4,5697,4,5697,26.4,8800,26.4,8800
4,14,28936,-57.58,14477,-20.424,22.808,14469,-27.535,36.793,0,25,4,5697,4,5697,26.4,8800,26.4,8800
4,15,28964,-30.136,14477,-20.424,22.808,14498,0.69286,44.673,0,25,4,5697,4,5697,26.4,8800,26.4,8800
4,16,28964,-29.795,14477,-20.424,22.808,14505,7.6073,81.727,0,25,4,5697,4,5697,26.4,8800,26.4,8800
4,17,28963,-31.395,14477,-20.424,22.808,14504,6.7726,68.792,0,25,4,5697,4,5697,26.4,8800,26.4,8800
4,18,28978,-15.815,14477,-20.424,22.808,14526,28.698,90.999,0,25,4,5697,4,5697,26.4,8800,26.4,8800
4,19,28956,-37.625,14477,-20.424,22.808,14485,-12.052,27.15,0,25,4,5697,4,5697,26.4,8800,26.4,8800
4,20,29016,21.662,14477,-20.424,22.808,14565,67.629,67.629,0,25,4,5697,4,5697,26.4,8800,26.4,8800
4,21,28942,-52.096,14477,-20.424,22.808,14473,-23.767,46.336,0,25,4,5697,4,5697,26.4,8800,26.4,8800
4,22,28955,-38.974,14477,-20.424,22.808,14494,-2.6523,58.642,0,25,4,5697,4,5697,26.4,8800,26.4,8800
4,23,28952,-41.568,14477,-20.424,22.808,14489,-8.4468,63.387,0,25,4,5697,4,5697,26.4,8800,26.4,8800
4,24,28958,-36.13,14477,-20.424,22.808,14495,-2.0277,55.126,0,25,4,5697,4,5697,26.4,8800,26.4,8800
4,25,28958,-35.559,14477,-20.424,22.808,14488,-9.3634,32.646,0,25,4,5697,4,5697,26.4,8800,26.4,8800
4,26,28974,-19.662,14477,-20.424,22.808,14503,6.3414,23.762,0,25,4,5697,4,5697,26.4,8800,26.4,8800
4,27,29018,24.178,14477,-20.424,22.808,14573,76.359,156.5,0,25,4,5697,4,5697,26.4,8800,26.4,8800
4,28,28968,-26.414,14477,-20.424,22.808,14511,14.242,85.073,0,25,4,5697,4,5697,26.4,8800,26.4,8800
4,29,28966,-28.138,14477,-20.424,22.808,14503,5.6077,70.825,0,25,4,5697,4,5697,26.4,8800,26.4,8800
4,30,29059,64.734,14477,-20.424,22.808,14617,119.63,208.75,0,25,4,5697,4,5697,26.4,8800,26.4,8800
4,31,28940,-54.325,14477,-20.424,22.808,14471,-26.205,56.309,0,25,4,5697,4,5697,26.4,8800,26.4,8800
5,6,28993,-1.4581,14493,-4.1685,90.822,14517,20.283,70.242,0,25,4,5697,4,5697,26.4,8800,26.4,8800
5,7,29000,6.4204,14493,-4.1685,90.822,14530,32.894,104.55,0,25,4,5697,4,5697,26.4,8800,26.4,8800
5,8,28949,-45.493,14493,-4.1685,90.822,14469,-27.513,32.643,0,25,4,5697,4,5697,26.4,8800,26.4,8800
5,9,28970,-24.018,14493,-4.1685,90.822,14493,-4.4791,78.356,0,25,4,5697,4,5697,26.4,8800,26.4,8800
5,10,28964,-30.357,14493,-4.1685,90.822,14487,-9.5684,50.523,0,25,4,5697,4,5697,26.4,8800,26.4,8800
0,0,0,0,0,0,0,0,0,0,0,0,0,0,0,0,0,0,0,0
5,12,28982,-11.699,14493,-4.1685,90.822,14508,10.978,82.13,0,25,4,5697,4,5697,26.4,8800,26.4,8800
5,13,29011,17.293,14493,-4.1685,90.822,14541,43.808,111.2,0,25,4,5697,4,5697,26.4,8800,26.4,8800
5,14,28950,-43.778,14493,-4.1685,90.822,14469,-27.535,36.793,0,25,4,5697,4,5697,26.4,8800,26.4,8800
5,15,28978,-15.609,14493,-4.1685,90.822,14498,0.69286,44.673,0,25,4,5697,4,5697,26.4,8800,26.4,8800
5,16,28977,-17.169,14493,-4.1685,90.822,14505,7.6073,81.727,0,25,4,5697,4,5697,26.4,8800,26.4,8800
5,17,28977,-17.014,14493,-4.1685,90.822,14504,6.7726,68.792,0,25,4,5697,4,5697,26.4,8800,26.4,8800
5,18,28997,3.4918,14493,-4.1685,90.822,14526,28.698,90.999,0,25,4,5697,4,5697,26.4,8800,26.4,8800
5,19,28968,-25.551,14493,-4.1685,90.822,14485,-12.052,27.15,0,25,4,5697,4,5697,26.4,8800,26.4,8800
5,20,29036,41.818,14493,-4.1685,90.822,14565,67.629,67.629,0,25,4,5697,4,5697,26.4,8800,26.4,8800
5,21,28955,-39.064,14493,-4.1685,90.822,14473,-23.767,46.336,0,25,4,5697,4,5697,26.4,8800,26.4,8800
5,22,28970,-23.557,14493,-4.1685,90.822,14494,-2.6523,58.642,0,25,4,5697,4,5697,26.4,8800,26.4,8800
5,23,28967,-26.688,14493,-4.1685,90.822,14489,-8.4468,63.387,0,25,4,5697,4,5697,26.4,8800,26.4,8800
5,24,28971,-22.632,14493,-4.1685,90.822,14495,-2.0277,55.126,0,25,4,5697,4,5697,26.4,8800,26.4,8800
5,25,28970,-23.637,14493,-4.1685,90.822,14488,-9.3634,32.646,0,25,4,5697,4,5697,26.4,8800,26.4,8800
5,26,28989,-5.3693,14493,-4.1685,90.822,14503,6.3414,23.762,0,25,4,5697,4,5697,26.4,8800,26.4,8800
5,27,29040,46.192,14493,-4.1685,90.822,14573,76.359,156.5,0,25,4,5697,4,5697,26.4,8800,26.4,8800
5,28,28985,-9.2581,14493,-4.1685,90.822,14511,14.242,85.073,0,25,4,5697,4,5697,26.4,8800,26.4,8800
5,29,28979,-14.881,14493,-4.1685,90.822,14503,5.6077,70.825,0,25,4,5697,4,5697,26.4,8800,26.4,8800
5,30,29080,86.346,14493,-4.1685,90.822,14617,119.63,208.75,0,25,4,5697,4,5697,26.4,8800,26.4,8800
5,31,28951,-42.803,14493,-4.1685,90.822,14471,-26.205,56.309,0,25,4,5697,4,5697,26.4,8800,26.4,8800
6,7,29014,19.616,14503,5.5774,70.242,14530,32.894,104.55,0,25,4,5697,4,5697,26.4,8800,26.4,8800
6,8,28960,-33.703,14503,5.5774,70.242,14469,-27.513,32.643,0,25,4,5697,4,5697,26.4,8800,26.4,8800
6,9,28979,-15.144,14503,5.5774,70.242,14493,-4.4791,78.356,0,25,4,5697,4,5697,26.4,8800,26.4,8800
6,10,28975,-19.442,14503,5.5774,70.242,14487,-9.5684,50.523,0,25,4,5697,4,5697,26.4,8800,26.4,8800
0,0,0,0,0,0,0,0,0,0,0,0,0,0,0,0,0,0,0,0
6,12,28992,-1.8185,14503,5.5774,70.242,14508,10.978,82.13,0,25,4,5697,4,5697,26.4,8800,26.4,8800
6,13,29023,29.332,14503,5.5774,70.242,14541,43.808,111.2,0,25,4,5697,4,5697,26.4,8800,26.4,8800
6,14,28959,-34.872,14503,5.5774,70.242,14469,-27.535,36.793,0,25,4,5697,4,5697,26.4,8800,26.4,8800
6,15,28988,-6.3897,14503,5.5774,70.242,14498,0.69286,44.673,0,25,4,5697,4,5697,26.4,8800,26.4,8800
6,16,28992,-1.5295,14503,5.5774,70.242,14505,7.6073,81.727,0,25,4,5697,4,5697,26.4,8800,26.4,8800
6,17,28987,-6.6002,14503,5.5774,70.242,14504,6.7726,68.792,0,25,4,5697,4,5697,26.4,8800,26.4,8800
6,18,29010,15.709,14503,5.5774,70.242,14526,28.698,90.999,0,25,4,5697,4,5697,26.4,8800,26.4,8800
6,19,28979,-14.615,14503,5.5774,70.242,14485,-12.052,27.15,0,25,4,5697,4,5697,26.4,8800,26.4,8800
6,20,29059,64.55,14503,5.5774,70.242,14565,67.629,67.629,0,25,4,5697,4,5697,26.4,8800,26.4,8800
6,21,28965,-29.097,14503,5.5774,70.242,14473,-23.767,46.336,0,25,4,5697,4,5697,26.4,8800,26.4,8800
6,22,28981,-12.844,14503,5.5774,70.242,14494,-2.6523,58.642,0,25,4,5697,4,5697,26.4,8800,26.4,8800
6,23,28976,-17.816,14503,5.5774,70.242,14489,-8.4468,63.387,0,25,4,5697,4,5697,26.4,8800,26.4,8800
6,24,28981,-12.894,14503,5.5774,70.242,14495,-2.0277,55.126,0,25,4,5697,4,5697,26.4,8800,26.4,8800
6,25,28981,-12.639,14503,5.5774,70.242,14488,-9.3634,32.646,0,25,4,5697,4,5697,26.4,8800,26.4,8800
6,26,29000,5.5121,14503,5.5774,70.242,14503,6.3414,23.762,0,25,4,5697,4,5697,26.4,8800,26.4,8800
6,27,29057,62.679,14503,5.5774,70.242,14573,76.359,156.5,0,25,4,5697,4,5697,26.4,8800,26.4,8800
6,28,28996,1.6547,14503,5.5774,70.242,14511,14.242,85.073,0,25,4,5697,4,5697,26.4,8800,26.4,8800
6,29,28989,-5.0886,14503,5.5774,70.242,14503,5.6077,70.825,0,25,4,5697,4,5697,26.4,8800,26.4,8800
6,30,29098,103.57,14503,5.5774,70.242,14617,119.63,208.75,0,25,4,5697,4,5697,26.4,8800,26.4,8800
6,31,28963,-31.389,14503,5.5774,70.242,14471,-26.205,56.309,0,25,4,5697,4,5697,26.4,8800,26.4,8800
7,8,28964,-29.89,14513,15.545,104.55,14469,-27.513,32.643,0,25,4,5697,4,5697,26.4,8800,26.4,8800
7,9,28987,-6.8021,14513,15.545,104.55,14493,-4.4791,78.356,0,25,4,5697,4,5697,26.4,8800,26.4,8800
7,10,28980,-14.254,14513,15.545,104.55,14487,-9.5684,50.523,0,25,4,5697,4,5697,26.4,8800,26.4,8800
0,0,0,0,0,0,0,0,0,0,0,0,0,0,0,0,0,0,0,0
7,12,29003,8.8149,14513,15.545,104.55,14508,10.978,82.13,0,25,4,5697,4,5697,26.4,8800,26.4,8800
7,13,29032,38.499,14513,15.545,104.55,14541,43.808,111.2,0,25,4,5697,4,5697,26.4,8800,26.4,8800
7,14,28965,-28.956,14513,15.545,104.55,14469,-27.535,36.793,0,25,4,5697,4,5697,26.4,8800,26.4,8800
7,15,28996,1.7665,14513,15.545,104.55,14498,0.69286,44.673,0,25,4,5697,4,5697,26.4,8800,26.4,8800
7,16,28999,4.7747,14513,15.545,104.55,14505,7.6073,81.727,0,25,4,5697,4,5697,26.4,8800,26.4,8800
7,17,28996,1.757,14513,15.545,104.55,14504,6.7726,68.792,0,25,4,5697,4,5697,26.4,8800,26.4,8800
7,18,29019,25.373,14513,15.545,104.55,14526,28.698,90.999,0,25,4,5697,4,5697,26.4,8800,26.4,8800
7,19,28984,-10.051,14513,15.545,104.55,14485,-12.052,27.15,0,25,4,5697,4,5697,26.4,8800,26.4,8800
7,20,29064,69.753,14513,15.545,104.55,14565,67.629,67.629,0,25,4,5697,4,5697,26.4,8800,26.4,8800
7,21,28970,-24.165,14513,15.545,104.55,14473,-23.767,46.336,0,25,4,5697,4,5697,26.4,8800,26.4,8800
7,22,28990,-3.669,14513,15.545,104.55,14494,-2.6523,58.642,0,25,4,5697,4,5697,26.4,8800,26.4,8800
7,23,28984,-9.7411,14513,15.545,104.55,14489,-8.4468,63.387,0,25,4,5697,4,5697,26.4,8800,26.4,8800
7,24,28988,-6.3741,14513,15.545,104.55,14495,-2.0277,55.126,0,25,4,5697,4,5697,26.4,8800,26.4,8800
7,25,28987,-7.4577,14513,15.545,104.55,14488,-9.3634,32.646,0,25,4,5697,4,5697,26.4,8800,26.4,8800
7,26,29007,12.995,14513,15.545,104.55,14503,6.3414,23.762,0,25,4,5697,4,5697,26.4,8800,26.4,8800
7,27,29066,72.088,14513,15.545,104.55,14573,76.359,156.5,0,25,4,5697,4,5697,26.4,8800,26.4,8800
7,28,29006,11.865,14513,15.545,104.55,14511,14.242,85.073,0,25,4,5697,4,5697,26.4,8800,26.4,8800
7,29,28995,1.2833,14513,15.545,104.55,14503,5.6077,70.825,0,25,4,5697,4,5697,26.4,8800,26.4,8800
7,30,29105,110.71,14513,15.545,104.55,14617,119.63,208.75,0,25,4,5697,4,5697,26.4,8800,26.4,8800
7,31,28967,-27.173,14513,15.545,104.55,14471,-26.205,56.309,0,25,4,5697,4,5697,26.4,8800,26.4,8800
8,9,28938,-55.99,14461,-35.918,32.643,14493,-4.4791,78.356,0,25,4,5697,4,5697,26.4,8800,26.4,8800
8,10,28936,-58.173,14461,-35.918,32.643,14487,-9.5684,50.523,0,25,4,5697,4,5697,26.4,8800,26.4,8800
0,0,0,0,0,0,0,0,0,0,0,0,0,0,0,0,0,0,0,0
8,12,28950,-43.515,14461,-35.918,32.643,14508,10.978,82.13,0,25,4,5697,4,5697,26.4,8800,26.4,8800
8,13,28973,-20.795,14461,-35.918,32.643,14541,43.808,111.2,0,25,4,5697,4,5697,26.4,8800,26.4,8800
8,14,28921,-73.201,14461,-35.918,32.643,14469,-27.535,36.793,0,25,4,5697,4,5697,26.4,8800,26.4,8800
8,15,28948,-45.8,14461,-35.918,32.643,14498,0.69286,44.673,0,25,4,5697,4,5697,26.4,8800,26.4,8800
8,16,28949,-45.188,14461,-35.918,32.643,14505,7.6073,81.727,0,25,4,5697,4,5697,26.4,8800,26.4,8800
8,17,28947,-46.861,14461,-35.918,32.643,14504,6.7726,68.792,0,25,4,5697,4,5697,26.4,8800,26.4,8800
8,18,28962,-31.512,14461,-35.918,32.643,14526,28.698,90.999,0,25,4,5697,4,5697,26.4,8800,26.4,8800
8,19,28941,-53.21,14461,-35.918,32.643,14485,-12.052,27.15,0,25,4,5697,4,5697,26.4,8800,26.4,8800
8,20,28994,0.13329,14461,-35.918,32.643,14565,67.629,67.629,0,25,4,5697,4,5697,26.4,8800,26.4,8800
8,21,28926,-67.735,14461,-35.918,32.643,14473,-23.767,46.336,0,25,4,5697,4,5697,26.4,8800,26.4,8800
8,22,28939,-54.545,14461,-35.918,32.643,14494,-2.6523,58.642,0,25,4,5697,4,5697,26.4,8800,26.4,8800
8,23,28937,-56.855,14461,-35.918,32.643,14489,-8.4468,63.387,0,25,4,5697,4,5697,26.4,8800,26.4,8800
8,24,28942,-51.678,14461,-35.918,32.643,14495,-2.0277,55.126,0,25,4,5697,4,5697,26.4,8800,26.4,8800
8,25,28943,-51.197,14461,-35.918,32.643,14488,-9.3634,32.646,0,25,4,5697,4,5697,26.4,8800,26.4,8800
8,26,28959,-35.341,14461,-35.918,32.643,14503,6.3414,23.762,0,25,4,5697,4,5697,26.4,8800,26.4,8800
8,27,28998,3.8509,14461,-35.918,32.643,14573,76.359,156.5,0,25,4,5697,4,5697,26.4,8800,26.4,8800
8,28,28952,-42.158,14461,-35.918,32.643,14511,14.242,85.073,0,25,4,5697,4,5697,26.4,8800,26.4,8800
8,29,28950,-43.782,14461,-35.918,32.643,14503,5.6077,70.825,0,25,4,5697,4,5697,26.4,8800,26.4,8800
8,30,29039,45.29,14461,-35.918,32.643,14617,119.63,208.75,0,25,4,5697,4,5697,26.4,8800,26.4,8800
8,31,28924,-69.934,14461,-35.918,32.643,14471,-26.205,56.309,0,25,4,5697,4,5697,26.4,8800,26.4,8800
9,10,28952,-42.108,14479,-17.84,78.356,14487,-9.5684,50.523,0,25,4,5697,4,5697,26.4,8800,26.4,8800
0,0,0,0,0,0,0,0,0,0,0,0,0,0,0,0,0,0,0,0
9,12,28970,-23.684,14479,-17.84,78.356,14508,10.978,82.13,0,25,4,5697,4,5697,26.4,8800,26.4,8800
9,13,28997,2.863,14479,-17.84,78.356,14541,43.808,111.2,0,25,4,5697,4,5697,26.4,8800,26.4,8800
9,14,28938,-56.27,14479,-17.84,78.356,14469,-27.535,36.793,0,25,4,5697,4,5697,26.4,8800,26.4,8800
9,15,28965,-28.597,14479,-17.84,78.356,14498,0.69286,44.673,0,25,4,5697,4,5697,26.4,8800,26.4,8800
9,16,28965,-29.486,14479,-17.84,78.356,14505,7.6073,81.727,0,25,4,5697,4,5697,26.4,8800,26.4,8800
9,17,28964,-29.692,14479,-17.84,78.356,14504,6.7726,68.792,0,25,4,5697,4,5697,26.4,8800,26.4,8800
9,18,28984,-10.228,14479,-17.84,78.356,14526,28.698,90.999,0,25,4,5697,4,5697,26.4,8800,26.4,8800
9,19,28957,-37.325,14479,-17.84,78.356,14485,-12.052,27.15,0,25,4,5697,4,5697,26.4,8800,26.4,8800
9,20,29020,26.223,14479,-17.84,78.356,14565,67.629,67.629,0,25,4,5697,4,5697,26.4,8800,26.4,8800
9,21,28942,-51.523,14479,-17.84,78.356,14473,-23.767,46.336,0,25,4,5697,4,5697,26.4,8800,26.4,8800
9,22,28958,-35.549,14479,-17.84,78.356,14494,-2.6523,58.642,0,25,4,5697,4,5697,26.4,8800,26.4,8800
9,23,28956,-38.382,14479,-17.84,78.356,14489,-8.4468,63.387,0,25,4,5697,4,5697,26.4,8800,26.4,8800
9,24,28959,-35.039,14479,-17.84,78.356,14495,-2.0277,55.126,0,25,4,5697,4,5697,26.4,8800,26.4,8800
9,25,28959,-35.284,14479,-17.84,78.356,14488,-9.3634,32.646,0,25,4,5697,4,5697,26.4,8800,26.4,8800
9,26,28975,-18.906,14479,-17.84,78.356,14503,6.3414,23.762,0,25,4,5697,4,5697,26.4,8800,26.4,8800
9,27,29026,31.714,14479,-17.84,78.356,14573,76.359,156.5,0,25,4,5697,4,5697,26.4,8800,26.4,8800
9,28,28972,-22.48,14479,-17.84,78.356,14511,14.242,85.073,0,25,4,5697,4,5697,26.4,8800,26.4,8800
9,29,28967,-27.254,14479,-17.84,78.356,14503,5.6077,70.825,0,25,4,5697,4,5697,26.4,8800,26.4,8800
9,30,29066,71.55,14479,-17.84,78.356,14617,119.63,208.75,0,25,4,5697,4,5697,26.4,8800,26.4,8800
9,31,28940,-53.911,14479,-17.84,78.356,14471,-26.205,56.309,0,25,4,5697,4,5697,26.4,8800,26.4,8800
0,0,0,0,0,0,0,0,0,0,0,0,0,0,0,0,0,0,0,0
10,12,28965,-29.44,14475,-21.882,50.523,14508,10.978,82.13,0,25,4,5697,4,5697,26.4,8800,26.4,8800
10,13,28990,-3.9711,14475,-21.882,50.523,14541,43.808,111.2,0,25,4,5697,4,5697,26.4,8800,26.4,8800
10,14,28935,-59.183,14475,-21.882,50.523,14469,-27.535,36.793,0,25,4,5697,4,5697,26.4,8800,26.4,8800
10,15,28962,-31.616,14475,-21.882,50.523,14498,0.69286,44.673,0,25,4,5697,4,5697,26.4,8800,26.4,8800
10,16,28964,-30.265,14475,-21.882,50.523,14505,7.6073,81.727,0,25,4,5697,4,5697,26.4,8800,26.4,8800
10,17,28961,-32.829,14475,-21.882,50.523,14504,6.7726,68.792,0,25,4,5697,4,5697,26.4,8800,26.4,8800
10,18,28977,-17.289,14475,-21.882,50.523,14526,28.698,90.999,0,25,4,5697,4,5697,26.4,8800,26.4,8800
10,19,28955,-39.149,14475,-21.882,50.523,14485,-12.052,27.15,0,25,4,5697,4,5697,26.4,8800,26.4,8800
10,20,29015,20.606,14475,-21.882,50.523,14565,67.629,67.629,0,25,4,5697,4,5697,26.4,8800,26.4,8800
10,21,28940,-53.628,14475,-21.882,50.523,14473,-23.767,46.336,0,25,4,5697,4,5697,26.4,8800,26.4,8800
10,22,28955,-39.003,14475,-21.882,50.523,14494,-2.6523,58.642,0,25,4,5697,4,5697,26.4,8800,26.4,8800
10,23,28951,-42.895,14475,-21.882,50.523,14489,-8.4468,63.387,0,25,4,5697,4,5697,26.4,8800,26.4,8800
10,24,28956,-37.525,14475,-21.882,50.523,14495,-2.0277,55.126,0,25,4,5697,4,5697,26.4,8800,26.4,8800
10,25,28957,-37.029,14475,-21.882,50.523,14488,-9.3634,32.646,0,25,4,5697,4,5697,26.4,8800,26.4,8800
10,26,28973,-21.127,14475,-21.882,50.523,14503,6.3414,23.762,0,25,4,5697,4,5697,26.4,8800,26.4,8800
10,27,29019,25.018,14475,-21.882,50.523,14573,76.359,156.5,0,25,4,5697,4,5697,26.4,8800,26.4,8800
10,28,28966,-27.624,14475,-21.882,50.523,14511,14.242,85.073,0,25,4,5697,4,5697,26.4,8800,26.4,8800
10,29,28964,-29.601,14475,-21.882,50.523,14503,5.6077,70.825,0,25,4,5697,4,5697,26.4,8800,26.4,8800
10,30,29058,63.726,14475,-21.882,50.523,14617,119.63,208.75,0,25,4,5697,4,5697,26.4,8800,26.4,8800
10,31,28938,-55.855,14475,-21.882,50.523,14471,-26.205,56.309,0,25,4,5697,4,5697,26.4,8800,26.4,8800
0,0,0,0,0,0,0,0,0,0,0,0,0,0,0,0,0,0,0,0
0,0,0,0,0,0,0,0,0,0,0,0,0,0,0,0,0,0,0,0
0,0,0,0,0,0,0,0,0,0,0,0,0,0,0,0,0,0,0,0
0,0,0,0,0,0,0,0,0,0,0,0,0,0,0,0,0,0,0,0
0,0,0,0,0,0,0,0,0,0,0,0,0,0,0,0,0,0,0,0
0,0,0,0,0,0,0,0,0,0,0,0,0,0,0,0,0,0,0,0
0,0,0,0,0,0,0,0,0,0,0,0,0,0,0,0,0,0,0,0
0,0,0,0,0,0,0,0,0,0,0,0,0,0,0,0,0,0,0,0
0,0,0,0,0,0,0,0,0,0,0,0,0,0,0,0,0,0,0,0
0,0,0,0,0,0,0,0,0,0,0,0,0,0,0,0,0,0,0,0
0,0,0,0,0,0,0,0,0,0,0,0,0,0,0,0,0,0,0,0
0,0,0,0,0,0,0,0,0,0,0,0,0,0,0,0,0,0,0,0
0,0,0,0,0,0,0,0,0,0,0,0,0,0,0,0,0,0,0,0
0,0,0,0,0,0,0,0,0,0,0,0,0,0,0,0,0,0,0,0
0,0,0,0,0,0,0,0,0,0,0,0,0,0,0,0,0,0,0,0
0,0,0,0,0,0,0,0,0,0,0,0,0,0,0,0,0,0,0,0
0,0,0,0,0,0,0,0,0,0,0,0,0,0,0,0,0,0,0,0
0,0,0,0,0,0,0,0,0,0,0,0,0,0,0,0,0,0,0,0
0,0,0,0,0,0,0,0,0,0,0,0,0,0,0,0,0,0,0,0
0,0,0,0,0,0,0,0,0,0,0,0,0,0,0,0,0,0,0,0
12,13,29012,17.683,14492,-5.4218,82.13,14541,43.808,111.2,0,25,4,5697,4,5697,26.4,8800,26.4,8800
12,14,28950,-44.08,14492,-5.4218,82.13,14469,-27.535,36.793,0,25,4,5697,4,5697,26.4,8800,26.4,8800
12,15,28978,-16.394,14492,-5.4218,82.13,14498,0.69286,44.673,0,25,4,5697,4,5697,26.4,8800,26.4,8800
12,16,28981,-13.417,14492,-5.4218,82.13,14505,7.6073,81.727,0,25,4,5697,4,5697,26.4,8800,26.4,8800
12,17,28976,-17.51,14492,-5.4218,82.13,14504,6.7726,68.792,0,25,4,5697,4,5697,26.4,8800,26.4,8800
12,18,28998,4.0331,14492,-5.4218,82.13,14526,28.698,90.999,0,25,4,5697,4,5697,26.4,8800,26.4,8800
12,19,28969,-24.759,14492,-5.4218,82.13,14485,-12.052,27.15,0,25,4,5697,4,5697,26.4,8800,26.4,8800
12,20,29042,47.719,14492,-5.4218,82.13,14565,67.629,67.629,0,25,4,5697,4,5697,26.4,8800,26.4,8800
12,21,28955,-39.298,14492,-5.4218,82.13,14473,-23.767,46.336,0,25,4,5697,4,5697,26.4,8800,26.4,8800
12,22,28971,-22.572,14492,-5.4218,82.13,14494,-2.6523,58.642,0,25,4,5697,4,5697,26.4,8800,26.4,8800
12,23,28968,-26.149,14492,-5.4218,82.13,14489,-8.4468,63.387,0,25,4,5697,4,5697,26.4,8800,26.4,8800
12,24,28971,-22.791,14492,-5.4218,82.13,14495,-2.0277,55.126,0,25,4,5697,4,5697,26.4,8800,26.4,8800
12,25,28971,-22.653,14492,-5.4218,82.13,14488,-9.3634,32.646,0,25,4,5697,4,5697,26.4,8800,26.4,8800
12,26,28988,-6.4485,14492,-5.4218,82.13,14503,6.3414,23.762,0,25,4,5697,4,5697,26.4,8800,26.4,8800
12,27,29045,50.638,14492,-5.4218,82.13,14573,76.359,156.5,0,25,4,5697,4,5697,26.4,8800,26.4,8800
12,28,28985,-8.7645,14492,-5.4218,82.13,14511,14.242,85.073,0,25,4,5697,4,5697,26.4,8800,26.4,8800
12,29,28979,-15.013,14492,-5.4218,82.13,14503,5.6077,70.825,0,25,4,5697,4,5697,26.4,8800,26.4,8800
12,30,29083,89.127,14492,-5.4218,82.13,14617,119.63,208.75,0,25,4,5697,4,5697,26.4,8800,26.4,8800
12,31,28953,-41.366,14492,-5.4218,82.13,14471,-26.205,56.309,0,25,4,5697,4,5697,26.4,8800,26.4,8800
13,14,28975,-19.464,14524,27.079,111.2,14469,-27.535,36.793,0,25,4,5697,4,5697,26.4,8800,26.4,8800
13,15,29005,11.116,14524,27.079,111.2,14498,0.69286,44.673,0,25,4,5697,4,5697,26.4,8800,26.4,8800
13,16,29008,14.004,14524,27.079,111.2,14505,7.6073,81.727,0,25,4,5697,4,5697,26.4,8800,26.4,8800
13,17,29005,10.865,14524,27.079,111.2,14504,6.7726,68.792,0,25,4,5697,4,5697,26.4,8800,26.4,8800
13,18,29029,34.665,14524,27.079,111.2,14526,28.698,90.999,0,25,4,5697,4,5697,26.4,8800,26.4,8800
13,19,28994,0.011463,14524,27.079,111.2,14485,-12.052,27.15,0,25,4,5697,4,5697,26.4,8800,26.4,8800
13,20,29078,83.897,14524,27.079,111.2,14565,67.629,67.629,0,25,4,5697,4,5697,26.4,8800,26.4,8800
13,21,28980,-14.465,14524,27.079,111.2,14473,-23.767,46.336,0,25,4,5697,4,5697,26.4,8800,26.4,8800
13,22,28997,3.3775,14524,27.079,111.2,14494,-2.6523,58.642,0,25,4,5697,4,5697,26.4,8800,26.4,8800
13,23,28994,-0.20203,14524,27.079,111.2,14489,-8.4468,63.387,0,25,4,5697,4,5697,26.4,8800,26.4,8800
13,24,28998,3.7733,14524,27.079,111.2,14495,-2.0277,55.126,0,25,4,5697,4,5697,26.4,8800,26.4,8800
13,25,28996,2.2121,14524,27.079,111.2,14488,-9.3634,32.646,0,25,4,5697,4,5697,26.4,8800,26.4,8800
13,26,29016,22.28,14524,27.079,111.2,14503,6.3414,23.762,0,25,4,5697,4,5697,26.4,8800,26.4,8800
13,27,29077,82.774,14524,27.079,111.2,14573,76.359,156.5,0,25,4,5697,4,5697,26.4,8800,26.4,8800
13,28,29014,20.266,14524,27.079,111.2,14511,14.242,85.073,0,25,4,5697,4,5697,26.4,8800,26.4,8800
13,29,29007,12.859,14524,27.079,111.2,14503,5.6077,70.825,0,25,4,5697,4,5697,26.4,8800,26.4,8800
13,30,29119,124.8,14524,27.079,111.2,14617,119.63,208.75,0,25,4,5697,4,5697,26.4,8800,26.4,8800
13,31,28977,-17.346,14524,27.079,111.2,14471,-26.205,56.309,0,25,4,5697,4,5697,26.4,8800,26.4,8800
14,15,28947,-46.763,14460,-36.95,36.793,14498,0.69286,44.673,0,25,4,5697,4,5697,26.4,8800,26.4,8800
14,16,28948,-46.29,14460,-36.95,36.793,14505,7.6073,81.727,0,25,4,5697,4,5697,26.4,8800,26.4,8800
14,17,28946,-48.13,14460,-36.95,36.793,14504,6.7726,68.792,0,25,4,5697,4,5697,26.4,8800,26.4,8800
14,18,28962,-31.651,14460,-36.95,36.793,14526,28.698,90.999,0,25,4,5697,4,5697,26.4,8800,26.4,8800
14,19,28940,-54.233,14460,-36.95,36.793,14485,-12.052,27.15,0,25,4,5697,4,5697,26.4,8800,26.4,8800
14,20,28995,1.1301,14460,-36.95,36.793,14565,67.629,67.629,0,25,4,5697,4,5697,26.4,8800,26.4,8800
14,21,28925,-68.697,14460,-36.95,36.793,14473,-23.767,46.336,0,25,4,5697,4,5697,26.4,8800,26.4,8800
14,22,28939,-55.376,14460,-36.95,36.793,14494,-2.6523,58.642,0,25,4,5697,4,5697,26.4,8800,26.4,8800
14,23,28936,-58.211,14460,-36.95,36.793,14489,-8.4468,63.387,0,25,4,5697,4,5697,26.4,8800,26.4,8800
14,24,28941,-52.829,14460,-36.95,36.793,14495,-2.0277,55.126,0,25,4,5697,4,5697,26.4,8800,26.4,8800
14,25,28942,-52.156,14460,-36.95,36.793,14488,-9.3634,32.646,0,25,4,5697,4,5697,26.4,8800,26.4,8800
14,26,28958,-36.327,14460,-36.95,36.793,14503,6.3414,23.762,0,25,4,5697,4,5697,26.4,8800,26.4,8800
14,27,28997,2.7969,14460,-36.95,36.793,14573,76.359,156.5,0,25,4,5697,4,5697,26.4,8800,26.4,8800
14,28,28950,-44.116,14460,-36.95,36.793,14511,14.242,85.073,0,25,4,5697,4,5697,26.4,8800,26.4,8800
14,29,28949,-44.962,14460,-36.95,36.793,14503,5.6077,70.825,0,25,4,5697,4,5697,26.4,8800,26.4,8800
14,30,29037,43.493,14460,-36.95,36.793,14617,119.63,208.75,0,25,4,5697,4,5697,26.4,8800,26.4,8800
14,31,28923,-70.911,14460,-36.95,36.793,14471,-26.205,56.309,0,25,4,5697,4,5697,26.4,8800,26.4,8800
15,16,28976,-18.05,14488,-9.4835,44.673,14505,7.6073,81.727,0,25,4,5697,4,5697,26.4,8800,26.4,8800
15,17,28974,-20.495,14488,-9.4835,44.673,14504,6.7726,68.792,0,25,4,5697,4,5697,26.4,8800,26.4,8800
15,18,28992,-2.3607,14488,-9.4835,44.673,14526,28.698,90.999,0,25,4,5697,4,5697,26.4,8800,26.4,8800
15,19,28967,-26.741,14488,-9.4835,44.673,14485,-12.052,27.15,0,25,4,5697,4,5697,26.4,8800,26.4,8800
15,20,29036,42.094,14488,-9.4835,44.673,14565,67.629,67.629,0,25,4,5697,4,5697,26.4,8800,26.4,8800
15,21,28953,-41.251,14488,-9.4835,44.673,14473,-23.767,46.336,0,25,4,5697,4,5697,26.4,8800,26.4,8800
15,22,28967,-27.329,14488,-9.4835,44.673,14494,-2.6523,58.642,0,25,4,5697,4,5697,26.4,8800,26.4,8800
15,23,28964,-30.461,14488,-9.4835,44.673,14489,-8.4468,63.387,0,25,4,5697,4,5697,26.4,8800,26.4,8800
15,24,28969,-25.37,14488,-9.4835,44.673,14495,-2.0277,55.126,0,25,4,5697,4,5697,26.4,8800,26.4,8800
15,25,28969,-24.681,14488,-9.4835,44.673,14488,-9.3634,32.646,0,25,4,5697,4,5697,26.4,8800,26.4,8800
15,26,28985,-8.6972,14488,-9.4835,44.673,14503,6.3414,23.762,0,25,4,5697,4,5697,26.4,8800,26.4,8800
15,27,29036,42.153,14488,-9.4835,44.673,14573,76.359,156.5,0,25,4,5697,4,5697,26.4,8800,26.4,8800
15,28,28980,-14.465,14488,-9.4835,44.673,14511,14.242,85.073,0,25,4,5697,4,5697,26.4,8800,26.4,8800
15,29,28977,-17.177,14488,-9.4835,44.673,14503,5.6077,70.825,0,25,4,5697,4,5697,26.4,8800,26.4,8800
15,30,29077,83.114,14488,-9.4835,44.673,14617,119.63,208.75,0,25,4,5697,4,5697,26.4,8800,26.4,8800
15,31,28951,-43.473,14488,-9.4835,44.673,14471,-26.205,56.309,0,25,4,5697,4,5697,26.4,8800,26.4,8800
16,17,28975,-18.629,14493,-3.9814,81.727,14504,6.7726,68.792,0,25,4,5697,4,5697,26.4,8800,26.4,8800
16,18,28996,2.0681,14493,-3.9814,81.727,14526,28.698,90.999,0,25,4,5697,4,5697,26.4,8800,26.4,8800
16,19,28968,-26.253,14493,-3.9814,81.727,14485,-12.052,27.15,0,25,4,5697,4,5697,26.4,8800,26.4,8800
16,20,29041,46.863,14493,-3.9814,81.727,14565,67.629,67.629,0,25,4,5697,4,5697,26.4,8800,26.4,8800
16,21,28953,-40.789,14493,-3.9814,81.727,14473,-23.767,46.336,0,25,4,5697,4,5697,26.4,8800,26.4,8800
16,22,28971,-23.016,14493,-3.9814,81.727,14494,-2.6523,58.642,0,25,4,5697,4,5697,26.4,8800,26.4,8800
16,23,28964,-30.156,14493,-3.9814,81.727,14489,-8.4468,63.387,0,25,4,5697,4,5697,26.4,8800,26.4,8800
16,24,28969,-24.537,14493,-3.9814,81.727,14495,-2.0277,55.126,0,25,4,5697,4,5697,26.4,8800,26.4,8800
16,25,28970,-24.034,14493,-3.9814,81.727,14488,-9.3634,32.646,0,25,4,5697,4,5697,26.4,8800,26.4,8800
16,26,28989,-5.0227,14493,-3.9814,81.727,14503,6.3414,23.762,0,25,4,5697,4,5697,26.4,8800,26.4,8800
16,27,29041,46.957,14493,-3.9814,81.727,14573,76.359,156.5,0,25,4,5697,4,5697,26.4,8800,26.4,8800
16,28,28983,-10.71,14493,-3.9814,81.727,14511,14.242,85.073,0,25,4,5697,4,5697,26.4,8800,26.4,8800
16,29,28977,-16.512,14493,-3.9814,81.727,14503,5.6077,70.825,0,25,4,5697,4,5697,26.4,8800,26.4,8800
16,30,29081,86.665,14493,-3.9814,81.727,14617,119.63,208.75,0,25,4,5697,4,5697,26.4,8800,26.4,8800
16,31,28951,-42.989,14493,-3.9814,81.727,14471,-26.205,56.309,0,25,4,5697,4,5697,26.4,8800,26.4,8800
17,18,28991,-2.5095,14487,-10.396,68.792,14526,28.698,90.999,0,25,4,5697,4,5697,26.4,8800,26.4,8800
17,19,28966,-27.928,14487,-10.396,68.792,14485,-12.052,27.15,0,25,4,5697,4,5697,26.4,8800,26.4,8800
17,20,29034,39.678,14487,-10.396,68.792,14565,67.629,67.629,0,25,4,5697,4,5697,26.4,8800,26.4,8800
17,21,28951,-42.565,14487,-10.396,68.792,14473,-23.767,46.336,0,25,4,5697,4,5697,26.4,8800,26.4,8800
17,22,28967,-27.104,14487,-10.396,68.792,14494,-2.6523,58.642,0,25,4,5697,4,5697,26.4,8800,26.4,8800
17,23,28962,-31.699,14487,-10.396,68.792,14489,-8.4468,63.387,0,25,4,5697,4,5697,26.4,8800,26.4,8800
17,24,28968,-26.494,14487,-10.396,68.792,14495,-2.0277,55.126,0,25,4,5697,4,5697,26.4,8800,26.4,8800
17,25,28968,-26.114,14487,-10.396,68.792,14488,-9.3634,32.646,0,25,4,5697,4,5697,26.4,8800,26.4,8800
17,26,28984,-9.8034,14487,-10.396,68.792,14503,6.3414,23.762,0,25,4,5697,4,5697,26.4,8800,26.4,8800
17,27,29037,42.933,14487,-10.396,68.792,14573,76.359,156.5,0,25,4,5697,4,5697,26.4,8800,26.4,8800
17,28,28979,-15.277,14487,-10.396,68.792,14511,14.242,85.073,0,25,4,5697,4,5697,26.4,8800,26.4,8800
17,29,28975,-18.523,14487,-10.396,68.792,14503,5.6077,70.825,0,25,4,5697,4,5697,26.4,8800,26.4,8800
17,30,29076,81.651,14487,-10.396,68.792,14617,119.63,208.75,0,25,4,5697,4,5697,26.4,8800,26.4,8800
17,31,28949,-44.741,14487,-10.396,68.792,14471,-26.205,56.309,0,25,4,5697,4,5697,26.4,8800,26.4,8800
18,19,28981,-12.569,14508,11.211,90.999,14485,-12.052,27.15,0,25,4,5697,4,5697,26.4,8800,26.4,8800
18,20,29063,69.223,14508,11.211,90.999,14565,67.629,67.629,0,25,4,5697,4,5697,26.4,8800,26.4,8800
18,21,28967,-26.813,14508,11.211,90.999,14473,-23.767,46.336,0,25,4,5697,4,5697,26.4,8800,26.4,8800
18,22,28987,-6.9519,14508,11.211,90.999,14494,-2.6523,58.642,0,25,4,5697,4,5697,26.4,8800,26.4,8800
18,23,28981,-12.766,14508,11.211,90.999,14489,-8.4468,63.387,0,25,4,5697,4,5697,26.4,8800,26.4,8800
18,24,28985,-9.4522,14508,11.211,90.999,14495,-2.0277,55.126,0,25,4,5697,4,5697,26.4,8800,26.4,8800
18,25,28983,-10.586,14508,11.211,90.999,14488,-9.3634,32.646,0,25,4,5697,4,5697,26.4,8800,26.4,8800
18,26,29003,9.1967,14508,11.211,90.999,14503,6.3414,23.762,0,25,4,5697,4,5697,26.4,8800,26.4,8800
18,27,29063,68.852,14508,11.211,90.999,14573,76.359,156.5,0,25,4,5697,4,5697,26.4,8800,26.4,8800
18,28,29002,7.672,14508,11.211,90.999,14511,14.242,85.073,0,25,4,5697,4,5697,26.4,8800,26.4,8800
18,29,28993,-0.88257,14508,11.211,90.999,14503,5.6077,70.825,0,25,4,5697,4,5697,26.4,8800,26.4,8800
18,30,29103,108.72,14508,11.211,90.999,14617,119.63,208.75,0,25,4,5697,4,5697,26.4,8800,26.4,8800
18,31,28965,-29.418,14508,11.211,90.999,14471,-26.205,56.309,0,25,4,5697,4,5697,26.4,8800,26.4,8800
19,20,29021,27.212,14480,-17.072,27.15,14565,67.629,67.629,0,25,4,5697,4,5697,26.4,8800,26.4,8800
19,21,28945,-48.718,14480,-17.072,27.15,14473,-23.767,46.336,0,25,4,5697,4,5697,26.4,8800,26.4,8800
19,22,28959,-35.306,14480,-17.072,27.15,14494,-2.6523,58.642,0,25,4,5697,4,5697,26.4,8800,26.4,8800
19,23,28956,-38.062,14480,-17.072,27.15,14489,-8.4468,63.387,0,25,4,5697,4,5697,26.4,8800,26.4,8800
19,24,28961,-32.849,14480,-17.072,27.15,14495,-2.0277,55.126,0,25,4,5697,4,5697,26.4,8800,26.4,8800
19,25,28962,-32.22,14480,-17.072,27.15,14488,-9.3634,32.646,0,25,4,5697,4,5697,26.4,8800,26.4,8800
19,26,28978,-16.276,14480,-17.072,27.15,14503,6.3414,23.762,0,25,4,5697,4,5697,26.4,8800,26.4,8800
19,27,29023,28.857,14480,-17.072,27.15,14573,76.359,156.5,0,25,4,5697,4,5697,26.4,8800,26.4,8800
19,28,28971,-23.296,14480,-17.072,27.15,14511,14.242,85.073,0,25,4,5697,4,5697,26.4,8800,26.4,8800
19,29,28969,-24.855,14480,-17.072,27.15,14503,5.6077,70.825,0,25,4,5697,4,5697,26.4,8800,26.4,8800
19,30,29064,69.542,14480,-17.072,27.15,14617,119.63,208.75,0,25,4,5697,4,5697,26.4,8800,26.4,8800
19,31,28943,-50.957,14480,-17.072,27.15,14471,-26.205,56.309,0,25,4,5697,4,5697,26.4,8800,26.4,8800
20,21,29001,6.5055,14561,64.173,67.629,14473,-23.767,46.336,0,25,4,5697,4,5697,26.4,8800,26.4,8800
20,22,29028,33.681,14561,64.173,67.629,14494,-2.6523,58.642,0,25,4,5697,4,5697,26.4,8800,26.4,8800
20,23,29019,25.164,14561,64.173,67.629,14489,-8.4468,63.387,0,25,4,5697,4,5697,26.4,8800,26.4,8800
20,24,29024,29.875,14561,64.173,67.629,14495,-2.0277,55.126,0,25,4,5697,4,5697,26.4,8800,26.4,8800
20,25,29025,31.185,14561,64.173,67.629,14488,-9.3634,32.646,0,25,4,5697,4,5697,26.4,8800,26.4,8800
20,26,29055,61.15,14561,64.173,67.629,14503,6.3414,23.762,0,25,4,5697,4,5697,26.4,8800,26.4,8800
20,27,29112,117.94,14561,64.173,67.629,14573,76.359,156.5,0,25,4,5697,4,5697,26.4,8800,26.4,8800
20,28,29042,48.104,14561,64.173,67.629,14511,14.242,85.073,0,25,4,5697,4,5697,26.4,8800,26.4,8800
20,29,29038,43.823,14561,64.173,67.629,14503,5.6077,70.825,0,25,4,5697,4,5697,26.4,8800,26.4,8800
20,30,29158,164.09,14561,64.173,67.629,14617,119.63,208.75,0,25,4,5697,4,5697,26.4,8800,26.4,8800
20,31,28998,3.6756,14561,64.173,67.629,14471,-26.205,56.309,0,25,4,5697,4,5697,26.4,8800,26.4,8800
21,22,28944,-49.771,14465,-31.527,46.336,14494,-2.6523,58.642,0,25,4,5697,4,5697,26.4,8800,26.4,8800
21,23,28941,-52.683,14465,-31.527,46.336,14489,-8.4468,63.387,0,25,4,5697,4,5697,26.4,8800,26.4,8800
21,24,28947,-47.289,14465,-31.527,46.336,14495,-2.0277,55.126,0,25,4,5697,4,5697,26.4,8800,26.4,8800
21,25,28947,-46.673,14465,-31.527,46.336,14488,-9.3634,32.646,0,25,4,5697,4,5697,26.4,8800,26.4,8800
21,26,28963,-30.784,14465,-31.527,46.336,14503,6.3414,23.762,0,25,4,5697,4,5697,26.4,8800,26.4,8800
21,27,29003,9.0755,14465,-31.527,46.336,14573,76.359,156.5,0,25,4,5697,4,5697,26.4,8800,26.4,8800
21,28,28955,-38.69,14465,-31.527,46.336,14511,14.242,85.073,0,25,4,5697,4,5697,26.4,8800,26.4,8800
21,29,28954,-39.512,14465,-31.527,46.336,14503,5.6077,70.825,0,25,4,5697,4,5697,26.4,8800,26.4,8800
21,30,29044,50.267,14465,-31.527,46.336,14617,119.63,208.75,0,25,4,5697,4,5697,26.4,8800,26.4,8800
21,31,28929,-65.379,14465,-31.527,46.336,14471,-26.205,56.309,0,25,4,5697,4,5697,26.4,8800,26.4,8800
22,23,28955,-38.698,14481,-15.832,58.642,14489,-8.4468,63.387,0,25,4,5697,4,5697,26.4,8800,26.4,8800
22,24,28960,-34.002,14481,-15.832,58.642,14495,-2.0277,55.126,0,25,4,5697,4,5697,26.4,8800,26.4,8800
22,25,28961,-32.773,14481,-15.832,58.642,14488,-9.3634,32.646,0,25,4,5697,4,5697,26.4,8800,26.4,8800
22,26,28977,-17.052,14481,-15.832,58.642,14503,6.3414,23.762,0,25,4,5697,4,5697,26.4,8800,26.4,8800
22,27,29032,37.601,14481,-15.832,58.642,14573,76.359,156.5,0,25,4,5697,4,5697,26.4,8800,26.4,8800
22,28,28975,-19.333,14481,-15.832,58.642,14511,14.242,85.073,0,25,4,5697,4,5697,26.4,8800,26.4,8800
22,29,28968,-26.407,14481,-15.832,58.642,14503,5.6077,70.825,0,25,4,5697,4,5697,26.4,8800,26.4,8800
22,30,29069,74.537,14481,-15.832,58.642,14617,119.63,208.75,0,25,4,5697,4,5697,26.4,8800,26.4,8800
22,31,28942,-51.844,14481,-15.832,58.642,14471,-26.205,56.309,0,25,4,5697,4,5697,26.4,8800,26.4,8800
23,24,28958,-36.418,14477,-20.154,63.387,14495,-2.0277,55.126,0,25,4,5697,4,5697,26.4,8800,26.4,8800
23,25,28958,-36.14,14477,-20.154,63.387,14488,-9.3634,32.646,0,25,4,5697,4,5697,26.4,8800,26.4,8800
23,26,28974,-20.032,14477,-20.154,63.387,14503,6.3414,23.762,0,25,4,5697,4,5697,26.4,8800,26.4,8800
23,27,29022,27.746,14477,-20.154,63.387,14573,76.359,156.5,0,25,4,5697,4,5697,26.4,8800,26.4,8800
23,28,28969,-25.095,14477,-20.154,63.387,14511,14.242,85.073,0,25,4,5697,4,5697,26.4,8800,26.4,8800
23,29,28966,-28.429,14477,-20.154,63.387,14503,5.6077,70.825,0,25,4,5697,4,5697,26.4,8800,26.4,8800
23,30,29063,69.408,14477,-20.154,63.387,14617,119.63,208.75,0,25,4,5697,4,5697,26.4,8800,26.4,8800
23,31,28939,-54.796,14477,-20.154,63.387,14471,-26.205,56.309,0,25,4,5697,4,5697,26.4,8800,26.4,8800
24,25,28963,-30.719,14481,-15.527,55.126,14488,-9.3634,32.646,0,25,4,5697,4,5697,26.4,8800,26.4,8800
24,26,28979,-14.823,14481,-15.527,55.126,14503,6.3414,23.762,0,25,4,5697,4,5697,26.4,8800,26.4,8800
24,27,29027,32.7,14481,-15.527,55.126,14573,76.359,156.5,0,25,4,5697,4,5697,26.4,8800,26.4,8800
24,28,28974,-20.297,14481,-15.527,55.126,14511,14.242,85.073,0,25,4,5697,4,5697,26.4,8800,26.4,8800
24,29,28971,-23.282,14481,-15.527,55.126,14503,5.6077,70.825,0,25,4,5697,4,5697,26.4,8800,26.4,8800
24,30,29068,73.625,14481,-15.527,55.126,14617,119.63,208.75,0,25,4,5697,4,5697,26.4,8800,26.4,8800
24,31,28944,-49.529,14481,-15.527,55.126,14471,-26.205,56.309,0,25,4,5697,4,5697,26.4,8800,26.4,8800
25,26,28980,-14.228,14482,-14.991,32.646,14503,6.3414,23.762,0,25,4,5697,4,5697,26.4,8800,26.4,8800
25,27,29026,32.043,14482,-14.991,32.646,14573,76.359,156.5,0,25,4,5697,4,5697,26.4,8800,26.4,8800
25,28,28973,-20.675,14482,-14.991,32.646,14511,14.242,85.073,0,25,4,5697,4,5697,26.4,8800,26.4,8800
25,29,28971,-22.798,14482,-14.991,32.646,14503,5.6077,70.825,0,25,4,5697,4,5697,26.4,8800,26.4,8800
25,30,29067,72.518,14482,-14.991,32.646,14617,119.63,208.75,0,25,4,5697,4,5697,26.4,8800,26.4,8800
25,31,28945,-48.873,14482,-14.991,32.646,14471,-26.205,56.309,0,25,4,5697,4,5697,26.4,8800,26.4,8800
26,27,29050,56.015,14498,1.3378,23.762,14573,76.359,156.5,0,25,4,5697,4,5697,26.4,8800,26.4,8800
26,28,28991,-3.495,14498,1.3378,23.762,14511,14.242,85.073,0,25,4,5697,4,5697,26.4,8800,26.4,8800
26,29,28987,-6.5464,14498,1.3378,23.762,14503,5.6077,70.825,0,25,4,5697,4,5697,26.4,8800,26.4,8800
26,30,29093,98.916,14498,1.3378,23.762,14617,119.63,208.75,0,25,4,5697,4,5697,26.4,8800,26.4,8800
26,31,28961,-32.994,14498,1.3378,23.762,14471,-26.205,56.309,0,25,4,5697,4,5697,26.4,8800,26.4,8800
27,28,29046,51.768,14556,58.738,156.5,14511,14.242,85.073,0,25,4,5697,4,5697,26.4,8800,26.4,8800
27,29,29036,42.113,14556,58.738,156.5,14503,5.6077,70.825,0,25,4,5697,4,5697,26.4,8800,26.4,8800
27,30,29151,157.3,14556,58.738,156.5,14617,119.63,208.75,0,25,4,5697,4,5697,26.4,8800,26.4,8800
27,31,29001,6.9449,14556,58.738,156.5,14471,-26.205,56.309,0,25,4,5697,4,5697,26.4,8800,26.4,8800
28,29,28982,-12.193,14495,-2.0725,85.073,14503,5.6077,70.825,0,25,4,5697,4,5697,26.4,8800,26.4,8800
28,30,29086,91.821,14495,-2.0725,85.073,14617,119.63,208.75,0,25,4,5697,4,5697,26.4,8800,26.4,8800
28,31,28953,-40.746,14495,-2.0725,85.073,14471,-26.205,56.309,0,25,4,5697,4,5697,26.4,8800,26.4,8800
29,30,29078,84.309,14490,-6.5774,70.825,14617,119.63,208.75,0,25,4,5697,4,5697,26.4,8800,26.4,8800
29,31,28952,-41.664,14490,-6.5774,70.825,14471,-26.205,56.309,0,25,4,5697,4,5697,26.4,8800,26.4,8800
30,31,29043,48.677,14600,102.61,208.75,14471,-26.205,56.309,0,25,4,5697,4,5697,26.4,8800,26.4,8800